Compositional Best-Effort Synthesizer,./1/001.ltlf,true.ltlf,Agent,0.163,0,0,0,0,0.163,Adv,Dom
Compositional Best-Effort Synthesizer,./1/002.ltlf,true.ltlf,Agent,0.043,0.005,0,0,0,0.048,Adv,Dom
Compositional Best-Effort Synthesizer,./1/003.ltlf,true.ltlf,Agent,0.07,0,0,0,0,0.07,Unr,Dom
Compositional Best-Effort Synthesizer,./1/004.ltlf,true.ltlf,Agent,0.074,0,0,0,0,0.074,Adv,Dom
Compositional Best-Effort Synthesizer,./1/005.ltlf,true.ltlf,Agent,0.176,0.07,0.047,0.02,0.026,0.339,Coop,NoDom
Compositional Best-Effort Synthesizer,./1/006.ltlf,true.ltlf,Agent,0.125,0,0,0,0,0.125,Adv,Dom
Compositional Best-Effort Synthesizer,./1/007.ltlf,true.ltlf,Agent,0.1,0.056,0.007,0.003,0,0.166,Adv,Dom
Compositional Best-Effort Synthesizer,./1/008.ltlf,true.ltlf,Agent,0.014,0.004,0,0,0,0.018,Adv,Dom
Compositional Best-Effort Synthesizer,./1/009.ltlf,true.ltlf,Agent,0.058,0,0,0,0,0.058,Adv,Dom
Compositional Best-Effort Synthesizer,./1/010.ltlf,true.ltlf,Agent,0.137,0,0,0,0,0.137,Adv,Dom
Compositional Best-Effort Synthesizer,./1/011.ltlf,true.ltlf,Agent,0.106,0.006,0.003,0.002,0.001,0.118,Coop,NoDom
Compositional Best-Effort Synthesizer,./1/012.ltlf,true.ltlf,Agent,0.107,0,0,0,0,0.107,Adv,Dom
Compositional Best-Effort Synthesizer,./1/013.ltlf,true.ltlf,Agent,0.026,0.003,0,0,0,0.029,Adv,Dom
Compositional Best-Effort Synthesizer,./1/014.ltlf,true.ltlf,Agent,0.098,0.008,0.002,0.002,0,0.11,Coop,NoDom
Compositional Best-Effort Synthesizer,./1/015.ltlf,true.ltlf,Agent,0.079,0.004,0.001,0.001,0,0.085,Coop,NoDom
Compositional Best-Effort Synthesizer,./1/016.ltlf,true.ltlf,Agent,0.132,0,0,0,0,0.132,Unr,Dom
Compositional Best-Effort Synthesizer,./1/017.ltlf,true.ltlf,Agent,0.07,0.004,0,0.001,0,0.075,Coop,NoDom
Compositional Best-Effort Synthesizer,./1/018.ltlf,true.ltlf,Agent,0.139,0.021,0.007,0.007,0.001,0.175,Coop,NoDom
Compositional Best-Effort Synthesizer,./1/019.ltlf,true.ltlf,Agent,0.025,0.003,0,0,0,0.028,Adv,Dom
Compositional Best-Effort Synthesizer,./1/020.ltlf,true.ltlf,Agent,0.104,0.006,0.004,0.002,0.001,0.117,Coop,NoDom
Compositional Best-Effort Synthesizer,./1/021.ltlf,true.ltlf,Agent,0.103,0.056,0.005,0.001,0,0.165,Adv,Dom
Compositional Best-Effort Synthesizer,./1/022.ltlf,true.ltlf,Agent,0.015,0.002,0,0,0,0.017,Adv,Dom
Compositional Best-Effort Synthesizer,./1/023.ltlf,true.ltlf,Agent,0.092,0,0,0,0,0.092,Unr,Dom
Compositional Best-Effort Synthesizer,./1/024.ltlf,true.ltlf,Agent,0.08,0.004,0.001,0,0,0.085,Coop,NoDom
Compositional Best-Effort Synthesizer,./1/025.ltlf,true.ltlf,Agent,0.143,0.018,0.01,0,0,0.171,Coop,NoDom
Compositional Best-Effort Synthesizer,./1/026.ltlf,true.ltlf,Agent,0.173,0,0,0,0,0.173,Adv,Dom
Compositional Best-Effort Synthesizer,./1/027.ltlf,true.ltlf,Agent,0.111,0.006,0.002,0,0,0.119,Coop,NoDom
Compositional Best-Effort Synthesizer,./1/028.ltlf,true.ltlf,Agent,0.048,0.004,0,0,0,0.052,Coop,NoDom
Compositional Best-Effort Synthesizer,./1/029.ltlf,true.ltlf,Agent,0.163,0,0,0,0,0.163,Adv,Dom
Compositional Best-Effort Synthesizer,./1/030.ltlf,true.ltlf,Agent,0.086,0,0,0,0,0.086,Adv,Dom
Compositional Best-Effort Synthesizer,./1/031.ltlf,true.ltlf,Agent,0.136,0.021,0.007,0.007,0.001,0.172,Coop,NoDom
Compositional Best-Effort Synthesizer,./1/032.ltlf,true.ltlf,Agent,0.089,0,0,0,0,0.089,Adv,Dom
Compositional Best-Effort Synthesizer,./1/033.ltlf,true.ltlf,Agent,0.173,0,0,0,0,0.173,Adv,Dom
Compositional Best-Effort Synthesizer,./1/034.ltlf,true.ltlf,Agent,0.05,0.003,0,0,0,0.053,Coop,NoDom
Compositional Best-Effort Synthesizer,./1/035.ltlf,true.ltlf,Agent,0.122,0,0,0,0,0.122,Adv,Dom
Compositional Best-Effort Synthesizer,./1/036.ltlf,true.ltlf,Agent,0.175,0.051,0.018,0.017,0.005,0.266,Coop,NoDom
Compositional Best-Effort Synthesizer,./1/037.ltlf,true.ltlf,Agent,0.161,0,0,0,0,0.161,Adv,Dom
Compositional Best-Effort Synthesizer,./1/038.ltlf,true.ltlf,Agent,0.245,0,0,0,0,0.245,Adv,Dom
Compositional Best-Effort Synthesizer,./1/039.ltlf,true.ltlf,Agent,0.094,0,0,0,0,0.094,Unr,Dom
Compositional Best-Effort Synthesizer,./1/040.ltlf,true.ltlf,Agent,0.074,0,0,0,0,0.074,Adv,Dom
Compositional Best-Effort Synthesizer,./1/041.ltlf,true.ltlf,Agent,0.111,0.006,0.002,0,0,0.119,Coop,NoDom
Compositional Best-Effort Synthesizer,./1/042.ltlf,true.ltlf,Agent,0.055,0.011,0.001,0,0,0.067,Adv,Dom
Compositional Best-Effort Synthesizer,./1/043.ltlf,true.ltlf,Agent,0.096,0.007,0.002,0.002,0,0.107,Coop,NoDom
Compositional Best-Effort Synthesizer,./1/044.ltlf,true.ltlf,Agent,0.177,0,0,0,0,0.177,Adv,Dom
Compositional Best-Effort Synthesizer,./1/045.ltlf,true.ltlf,Agent,0.019,0.018,0.003,0,0,0.04,Adv,Dom
Compositional Best-Effort Synthesizer,./1/046.ltlf,true.ltlf,Agent,0.124,0,0,0,0,0.124,Adv,Dom
Compositional Best-Effort Synthesizer,./1/047.ltlf,true.ltlf,Agent,0.074,0.023,0.003,0,0,0.1,Adv,Dom
Compositional Best-Effort Synthesizer,./1/048.ltlf,true.ltlf,Agent,0.073,0,0,0,0,0.073,Adv,Dom
Compositional Best-Effort Synthesizer,./1/049.ltlf,true.ltlf,Agent,0.081,0.004,0.003,0,0,0.088,Coop,NoDom
Compositional Best-Effort Synthesizer,./1/050.ltlf,true.ltlf,Agent,0.139,0,0,0,0,0.139,Adv,Dom
Compositional Best-Effort Synthesizer,./1/051.ltlf,true.ltlf,Agent,0.101,0.057,0.011,0.001,0,0.17,Adv,Dom
Compositional Best-Effort Synthesizer,./1/052.ltlf,true.ltlf,Agent,0.02,0.017,0.002,0,0,0.039,Adv,Dom
Compositional Best-Effort Synthesizer,./1/053.ltlf,true.ltlf,Agent,0.037,0.004,0,0,0,0.041,Adv,Dom
Compositional Best-Effort Synthesizer,./1/054.ltlf,true.ltlf,Agent,0.079,0.004,0,0,0,0.083,Coop,NoDom
Compositional Best-Effort Synthesizer,./1/055.ltlf,true.ltlf,Agent,0.066,0,0,0,0,0.066,Unr,Dom
Compositional Best-Effort Synthesizer,./1/056.ltlf,true.ltlf,Agent,0.051,0.003,0.001,0,0,0.055,Coop,NoDom
Compositional Best-Effort Synthesizer,./1/057.ltlf,true.ltlf,Agent,0.131,0.02,0.004,0.009,0.002,0.166,Coop,NoDom
Compositional Best-Effort Synthesizer,./1/058.ltlf,true.ltlf,Agent,0.067,0.007,0,0.001,0,0.075,Coop,NoDom
Compositional Best-Effort Synthesizer,./1/059.ltlf,true.ltlf,Agent,0.06,0,0,0,0,0.06,Adv,Dom
Compositional Best-Effort Synthesizer,./1/060.ltlf,true.ltlf,Agent,0.059,0,0,0,0,0.059,Adv,Dom
Compositional Best-Effort Synthesizer,./1/061.ltlf,true.ltlf,Agent,0.192,0,0,0,0,0.192,Adv,Dom
Compositional Best-Effort Synthesizer,./1/062.ltlf,true.ltlf,Agent,0.132,0,0,0,0,0.132,Unr,Dom
Compositional Best-Effort Synthesizer,./1/063.ltlf,true.ltlf,Agent,0.034,0,0,0,0,0.034,Unr,Dom
Compositional Best-Effort Synthesizer,./1/064.ltlf,true.ltlf,Agent,0.123,0,0,0,0,0.123,Adv,Dom
Compositional Best-Effort Synthesizer,./1/065.ltlf,true.ltlf,Agent,0.184,0.059,0.03,0.001,0.001,0.275,Coop,NoDom
Compositional Best-Effort Synthesizer,./1/066.ltlf,true.ltlf,Agent,0.106,0,0,0,0,0.106,Adv,Dom
Compositional Best-Effort Synthesizer,./1/067.ltlf,true.ltlf,Agent,0.104,0.058,0.011,0.002,0,0.175,Adv,Dom
Compositional Best-Effort Synthesizer,./1/068.ltlf,true.ltlf,Agent,0.142,0.019,0.014,0.006,0.005,0.186,Coop,NoDom
Compositional Best-Effort Synthesizer,./1/069.ltlf,true.ltlf,Agent,0.05,0,0,0,0,0.05,Adv,Dom
Compositional Best-Effort Synthesizer,./1/070.ltlf,true.ltlf,Agent,0.102,0.055,0.011,0.001,0,0.169,Adv,Dom
Compositional Best-Effort Synthesizer,./1/071.ltlf,true.ltlf,Agent,0.159,0,0,0,0,0.159,Adv,Dom
Compositional Best-Effort Synthesizer,./1/072.ltlf,true.ltlf,Agent,0.131,0,0,0,0,0.131,Unr,Dom
Compositional Best-Effort Synthesizer,./1/073.ltlf,true.ltlf,Agent,0.093,0,0,0,0,0.093,Unr,Dom
Compositional Best-Effort Synthesizer,./1/074.ltlf,true.ltlf,Agent,0.019,0.021,0.001,0,0,0.041,Adv,Dom
Compositional Best-Effort Synthesizer,./1/075.ltlf,true.ltlf,Agent,0.08,0.003,0,0,0,0.083,Coop,NoDom
Compositional Best-Effort Synthesizer,./1/076.ltlf,true.ltlf,Agent,0.188,0,0,0,0,0.188,Adv,Dom
Compositional Best-Effort Synthesizer,./1/077.ltlf,true.ltlf,Agent,0.033,0,0,0,0,0.033,Unr,Dom
Compositional Best-Effort Synthesizer,./1/078.ltlf,true.ltlf,Agent,0.172,0.05,0.018,0.016,0.005,0.261,Coop,NoDom
Compositional Best-Effort Synthesizer,./1/079.ltlf,true.ltlf,Agent,0.141,0,0,0,0,0.141,Adv,Dom
Compositional Best-Effort Synthesizer,./1/080.ltlf,true.ltlf,Agent,0.05,0,0,0,0,0.05,Unr,Dom
Compositional Best-Effort Synthesizer,./1/081.ltlf,true.ltlf,Agent,0.015,0.005,0,0,0,0.02,Adv,Dom
Compositional Best-Effort Synthesizer,./1/082.ltlf,true.ltlf,Agent,0.135,0.021,0.007,0.007,0.001,0.171,Coop,NoDom
Compositional Best-Effort Synthesizer,./1/083.ltlf,true.ltlf,Agent,0.057,0.011,0.002,0,0,0.07,Adv,Dom
Compositional Best-Effort Synthesizer,./1/084.ltlf,true.ltlf,Agent,0.016,0.005,0,0,0,0.021,Adv,Dom
Compositional Best-Effort Synthesizer,./1/085.ltlf,true.ltlf,Agent,0.18,0,0,0,0,0.18,Adv,Dom
Compositional Best-Effort Synthesizer,./1/086.ltlf,true.ltlf,Agent,0.164,0,0,0,0,0.164,Adv,Dom
Compositional Best-Effort Synthesizer,./1/087.ltlf,true.ltlf,Agent,0.133,0,0,0,0,0.133,Unr,Dom
Compositional Best-Effort Synthesizer,./1/088.ltlf,true.ltlf,Agent,0.161,0,0,0,0,0.161,Adv,Dom
Compositional Best-Effort Synthesizer,./1/089.ltlf,true.ltlf,Agent,0.093,0,0,0,0,0.093,Unr,Dom
Compositional Best-Effort Synthesizer,./1/090.ltlf,true.ltlf,Agent,0.055,0.002,0,0,0,0.057,Coop,NoDom
Compositional Best-Effort Synthesizer,./1/091.ltlf,true.ltlf,Agent,0.098,0.007,0.002,0.002,0,0.109,Coop,NoDom
Compositional Best-Effort Synthesizer,./1/092.ltlf,true.ltlf,Agent,0.05,0,0,0,0,0.05,Unr,Dom
Compositional Best-Effort Synthesizer,./1/093.ltlf,true.ltlf,Agent,0.195,0,0,0,0,0.195,Adv,Dom
Compositional Best-Effort Synthesizer,./1/094.ltlf,true.ltlf,Agent,0.143,0,0,0,0,0.143,Adv,Dom
Compositional Best-Effort Synthesizer,./1/095.ltlf,true.ltlf,Agent,0.011,0.004,0,0,0,0.015,Adv,Dom
Compositional Best-Effort Synthesizer,./1/096.ltlf,true.ltlf,Agent,0.092,0,0,0,0,0.092,Unr,Dom
Compositional Best-Effort Synthesizer,./1/097.ltlf,true.ltlf,Agent,0.139,0,0,0,0,0.139,Unr,Dom
Compositional Best-Effort Synthesizer,./1/098.ltlf,true.ltlf,Agent,0.108,0,0,0,0,0.108,Adv,Dom
Compositional Best-Effort Synthesizer,./1/099.ltlf,true.ltlf,Agent,0.122,0,0,0,0,0.122,Adv,Dom
Compositional Best-Effort Synthesizer,./1/100.ltlf,true.ltlf,Agent,0.034,0,0,0,0,0.034,Unr,Dom
Compositional Best-Effort Synthesizer,./1/101.ltlf,true.ltlf,Agent,0.058,0,0,0,0,0.058,Adv,Dom
Compositional Best-Effort Synthesizer,./1/102.ltlf,true.ltlf,Agent,0.142,0,0,0,0,0.142,Adv,Dom
Compositional Best-Effort Synthesizer,./1/103.ltlf,true.ltlf,Agent,0.182,0.058,0.029,0.002,0.001,0.272,Coop,NoDom
Compositional Best-Effort Synthesizer,./1/104.ltlf,true.ltlf,Agent,0.05,0.002,0,0,0,0.052,Coop,NoDom
Compositional Best-Effort Synthesizer,./1/105.ltlf,true.ltlf,Agent,0.139,0,0,0,0,0.139,Adv,Dom
Compositional Best-Effort Synthesizer,./1/106.ltlf,true.ltlf,Agent,0.047,0.004,0,0.001,0,0.052,Coop,NoDom
Compositional Best-Effort Synthesizer,./1/107.ltlf,true.ltlf,Agent,0.178,0.07,0.047,0.017,0.026,0.338,Coop,NoDom
Compositional Best-Effort Synthesizer,./1/108.ltlf,true.ltlf,Agent,0.139,0,0,0,0,0.139,Adv,Dom
Compositional Best-Effort Synthesizer,./1/109.ltlf,true.ltlf,Agent,0.075,0,0,0,0,0.075,Adv,Dom
Compositional Best-Effort Synthesizer,./1/110.ltlf,true.ltlf,Agent,0.058,0.008,0.001,0,0,0.067,Adv,Dom
Compositional Best-Effort Synthesizer,./1/111.ltlf,true.ltlf,Agent,0.027,0.003,0,0,0,0.03,Adv,Dom
Compositional Best-Effort Synthesizer,./1/112.ltlf,true.ltlf,Agent,0.142,0.02,0.014,0.005,0.004,0.185,Coop,NoDom
Compositional Best-Effort Synthesizer,./1/113.ltlf,true.ltlf,Agent,0.138,0.02,0.003,0.009,0.002,0.172,Coop,NoDom
Compositional Best-Effort Synthesizer,./1/114.ltlf,true.ltlf,Agent,0.022,0.05,0.004,0,0,0.076,Adv,Dom
Compositional Best-Effort Synthesizer,./1/115.ltlf,true.ltlf,Agent,0.071,0,0,0,0,0.071,Adv,Dom
Compositional Best-Effort Synthesizer,./1/116.ltlf,true.ltlf,Agent,0.086,0,0,0,0,0.086,Adv,Dom
Compositional Best-Effort Synthesizer,./1/117.ltlf,true.ltlf,Agent,0.058,0.003,0,0,0,0.061,Coop,NoDom
Compositional Best-Effort Synthesizer,./1/118.ltlf,true.ltlf,Agent,0.102,0.056,0.006,0.001,0,0.165,Adv,Dom
Compositional Best-Effort Synthesizer,./1/119.ltlf,true.ltlf,Agent,0.124,0,0,0,0,0.124,Adv,Dom
Compositional Best-Effort Synthesizer,./1/120.ltlf,true.ltlf,Agent,0.187,0.059,0.027,0,0.002,0.275,Coop,NoDom
Compositional Best-Effort Synthesizer,./1/121.ltlf,true.ltlf,Agent,0.067,0.007,0.001,0.001,0,0.076,Coop,NoDom
Compositional Best-Effort Synthesizer,./1/122.ltlf,true.ltlf,Agent,0.076,0.003,0.001,0.001,0,0.081,Coop,NoDom
Compositional Best-Effort Synthesizer,./1/123.ltlf,true.ltlf,Agent,0.038,0,0,0,0,0.038,Unr,Dom
Compositional Best-Effort Synthesizer,./1/124.ltlf,true.ltlf,Agent,0.068,0.005,0.002,0.002,0,0.077,Coop,NoDom
Compositional Best-Effort Synthesizer,./1/125.ltlf,true.ltlf,Agent,0.068,0.004,0.001,0.003,0,0.076,Coop,NoDom
Compositional Best-Effort Synthesizer,./1/126.ltlf,true.ltlf,Agent,0.101,0,0,0,0,0.101,Adv,Dom
Compositional Best-Effort Synthesizer,./1/127.ltlf,true.ltlf,Agent,0.135,0,0,0,0,0.135,Unr,Dom
Compositional Best-Effort Synthesizer,./1/128.ltlf,true.ltlf,Agent,0.018,0.008,0.001,0,0,0.027,Adv,Dom
Compositional Best-Effort Synthesizer,./1/129.ltlf,true.ltlf,Agent,0.069,0.004,0,0.001,0,0.074,Coop,NoDom
Compositional Best-Effort Synthesizer,./1/130.ltlf,true.ltlf,Agent,0.185,0,0,0,0,0.185,Adv,Dom
Compositional Best-Effort Synthesizer,./1/131.ltlf,true.ltlf,Agent,0.109,0,0,0,0,0.109,Adv,Dom
Compositional Best-Effort Synthesizer,./1/132.ltlf,true.ltlf,Agent,0.018,0.007,0,0,0,0.025,Adv,Dom
Compositional Best-Effort Synthesizer,./1/133.ltlf,true.ltlf,Agent,0.05,0,0,0,0,0.05,Unr,Dom
Compositional Best-Effort Synthesizer,./1/134.ltlf,true.ltlf,Agent,0.012,0.002,0,0,0,0.014,Adv,Dom
Compositional Best-Effort Synthesizer,./1/135.ltlf,true.ltlf,Agent,0.165,0,0,0,0,0.165,Adv,Dom
Compositional Best-Effort Synthesizer,./1/136.ltlf,true.ltlf,Agent,0.146,0.02,0.008,0,0,0.174,Coop,NoDom
Compositional Best-Effort Synthesizer,./1/137.ltlf,true.ltlf,Agent,0.109,0.006,0.004,0.002,0.001,0.122,Coop,NoDom
Compositional Best-Effort Synthesizer,./1/138.ltlf,true.ltlf,Agent,0.074,0.024,0.003,0,0,0.101,Adv,Dom
Compositional Best-Effort Synthesizer,./1/139.ltlf,true.ltlf,Agent,0.177,0.048,0.02,0.016,0.005,0.266,Coop,NoDom
Compositional Best-Effort Synthesizer,./1/140.ltlf,true.ltlf,Agent,0.05,0.003,0,0,0,0.053,Coop,NoDom
Compositional Best-Effort Synthesizer,./1/141.ltlf,true.ltlf,Agent,0.069,0.005,0,0.001,0,0.075,Coop,NoDom
Compositional Best-Effort Synthesizer,./1/142.ltlf,true.ltlf,Agent,0.011,0.003,0,0,0,0.014,Adv,Dom
Compositional Best-Effort Synthesizer,./1/143.ltlf,true.ltlf,Agent,0.077,0.007,0.001,0.001,0,0.086,Coop,NoDom
Compositional Best-Effort Synthesizer,./1/144.ltlf,true.ltlf,Agent,0.015,0.004,0,0,0,0.019,Adv,Dom
Compositional Best-Effort Synthesizer,./1/145.ltlf,true.ltlf,Agent,0.11,0,0,0,0,0.11,Adv,Dom
Compositional Best-Effort Synthesizer,./1/146.ltlf,true.ltlf,Agent,0.052,0.002,0,0,0,0.054,Coop,NoDom
Compositional Best-Effort Synthesizer,./1/147.ltlf,true.ltlf,Agent,0.134,0,0,0,0,0.134,Adv,Dom
Compositional Best-Effort Synthesizer,./1/148.ltlf,true.ltlf,Agent,0.055,0.002,0,0,0,0.057,Coop,NoDom
Compositional Best-Effort Synthesizer,./1/149.ltlf,true.ltlf,Agent,0.039,0.005,0,0,0,0.044,Adv,Dom
Compositional Best-Effort Synthesizer,./1/150.ltlf,true.ltlf,Agent,0.078,0.004,0.001,0.001,0,0.084,Coop,NoDom
Compositional Best-Effort Synthesizer,./1/151.ltlf,true.ltlf,Agent,0.048,0.003,0,0,0,0.051,Coop,NoDom
Compositional Best-Effort Synthesizer,./1/152.ltlf,true.ltlf,Agent,0.138,0,0,0,0,0.138,Unr,Dom
Compositional Best-Effort Synthesizer,./1/153.ltlf,true.ltlf,Agent,0.053,0,0,0,0,0.053,Unr,Dom
Compositional Best-Effort Synthesizer,./1/154.ltlf,true.ltlf,Agent,0.103,0.007,0.002,0.002,0,0.114,Coop,NoDom
Compositional Best-Effort Synthesizer,./1/155.ltlf,true.ltlf,Agent,0.048,0,0,0,0,0.048,Unr,Dom
Compositional Best-Effort Synthesizer,./1/156.ltlf,true.ltlf,Agent,0.075,0.025,0.002,0,0,0.102,Adv,Dom
Compositional Best-Effort Synthesizer,./1/157.ltlf,true.ltlf,Agent,0.14,0.019,0.003,0.009,0.001,0.172,Coop,NoDom
Compositional Best-Effort Synthesizer,./1/158.ltlf,true.ltlf,Agent,0.098,0.011,0.001,0.002,0,0.112,Coop,NoDom
Compositional Best-Effort Synthesizer,./1/159.ltlf,true.ltlf,Agent,0.019,0.009,0.001,0,0,0.029,Adv,Dom
Compositional Best-Effort Synthesizer,./1/160.ltlf,true.ltlf,Agent,0.127,0,0,0,0,0.127,Adv,Dom
Compositional Best-Effort Synthesizer,./1/161.ltlf,true.ltlf,Agent,0.15,0.019,0.009,0,0,0.178,Coop,NoDom
Compositional Best-Effort Synthesizer,./1/162.ltlf,true.ltlf,Agent,0.201,0,0,0,0,0.201,Adv,Dom
Compositional Best-Effort Synthesizer,./1/163.ltlf,true.ltlf,Agent,0.076,0,0,0,0,0.076,Adv,Dom
Compositional Best-Effort Synthesizer,./1/164.ltlf,true.ltlf,Agent,0.182,0.072,0.046,0.013,0.028,0.341,Coop,NoDom
Compositional Best-Effort Synthesizer,./1/165.ltlf,true.ltlf,Agent,0.053,0.002,0,0,0,0.055,Coop,NoDom
Compositional Best-Effort Synthesizer,./1/166.ltlf,true.ltlf,Agent,0.081,0.006,0.001,0,0,0.088,Coop,NoDom
Compositional Best-Effort Synthesizer,./1/167.ltlf,true.ltlf,Agent,0.035,0,0,0,0,0.035,Unr,Dom
Compositional Best-Effort Synthesizer,./1/168.ltlf,true.ltlf,Agent,0.179,0,0,0,0,0.179,Adv,Dom
Compositional Best-Effort Synthesizer,./1/169.ltlf,true.ltlf,Agent,0.027,0.004,0,0,0,0.031,Adv,Dom
Compositional Best-Effort Synthesizer,./1/170.ltlf,true.ltlf,Agent,0.1,0.007,0.002,0.002,0,0.111,Coop,NoDom
Compositional Best-Effort Synthesizer,./1/171.ltlf,true.ltlf,Agent,0.066,0.002,0,0,0,0.068,Coop,NoDom
Compositional Best-Effort Synthesizer,./1/172.ltlf,true.ltlf,Agent,0.083,0.006,0.001,0,0,0.09,Coop,NoDom
Compositional Best-Effort Synthesizer,./1/173.ltlf,true.ltlf,Agent,0.141,0.021,0.007,0.007,0.001,0.177,Coop,NoDom
Compositional Best-Effort Synthesizer,./1/174.ltlf,true.ltlf,Agent,0.18,0,0,0,0,0.18,Adv,Dom
Compositional Best-Effort Synthesizer,./1/175.ltlf,true.ltlf,Agent,0.035,0,0,0,0,0.035,Unr,Dom
Compositional Best-Effort Synthesizer,./1/176.ltlf,true.ltlf,Agent,0.107,0.006,0.004,0.002,0.001,0.12,Coop,NoDom
Compositional Best-Effort Synthesizer,./1/177.ltlf,true.ltlf,Agent,0.048,0.005,0.001,0,0,0.054,Coop,NoDom
Compositional Best-Effort Synthesizer,./1/178.ltlf,true.ltlf,Agent,0.035,0,0,0,0,0.035,Unr,Dom
Compositional Best-Effort Synthesizer,./1/179.ltlf,true.ltlf,Agent,0.111,0,0,0,0,0.111,Adv,Dom
Compositional Best-Effort Synthesizer,./1/180.ltlf,true.ltlf,Agent,0.054,0.002,0,0,0,0.056,Coop,NoDom
Compositional Best-Effort Synthesizer,./1/181.ltlf,true.ltlf,Agent,0.152,0.019,0.005,0,0.001,0.177,Coop,NoDom
Compositional Best-Effort Synthesizer,./1/182.ltlf,true.ltlf,Agent,0.077,0.021,0.002,0,0,0.1,Adv,Dom
Compositional Best-Effort Synthesizer,./1/183.ltlf,true.ltlf,Agent,0.172,0,0,0,0,0.172,Adv,Dom
Compositional Best-Effort Synthesizer,./1/184.ltlf,true.ltlf,Agent,0.075,0,0,0,0,0.075,Adv,Dom
Compositional Best-Effort Synthesizer,./1/185.ltlf,true.ltlf,Agent,0.054,0,0,0,0,0.054,Adv,Dom
Compositional Best-Effort Synthesizer,./1/186.ltlf,true.ltlf,Agent,0.018,0.022,0.002,0,0,0.042,Adv,Dom
Compositional Best-Effort Synthesizer,./1/187.ltlf,true.ltlf,Agent,0.139,0,0,0,0,0.139,Adv,Dom
Compositional Best-Effort Synthesizer,./1/188.ltlf,true.ltlf,Agent,0.109,0,0,0,0,0.109,Adv,Dom
Compositional Best-Effort Synthesizer,./1/189.ltlf,true.ltlf,Agent,0.077,0,0,0,0,0.077,Adv,Dom
Compositional Best-Effort Synthesizer,./1/190.ltlf,true.ltlf,Agent,0.053,0,0,0,0,0.053,Unr,Dom
Compositional Best-Effort Synthesizer,./1/191.ltlf,true.ltlf,Agent,0.207,0,0,0,0,0.207,Adv,Dom
Compositional Best-Effort Synthesizer,./1/192.ltlf,true.ltlf,Agent,0.048,0.004,0,0,0,0.052,Coop,NoDom
Compositional Best-Effort Synthesizer,./1/193.ltlf,true.ltlf,Agent,0.106,0,0,0,0,0.106,Adv,Dom
Compositional Best-Effort Synthesizer,./1/194.ltlf,true.ltlf,Agent,0.072,0.007,0,0.001,0,0.08,Coop,NoDom
Compositional Best-Effort Synthesizer,./1/195.ltlf,true.ltlf,Agent,0.113,0.006,0.004,0.002,0.002,0.127,Coop,NoDom
Compositional Best-Effort Synthesizer,./1/196.ltlf,true.ltlf,Agent,0.134,0,0,0,0,0.134,Adv,Dom
Compositional Best-Effort Synthesizer,./1/197.ltlf,true.ltlf,Agent,0.107,0,0,0,0,0.107,Adv,Dom
Compositional Best-Effort Synthesizer,./1/198.ltlf,true.ltlf,Agent,0.077,0.023,0.002,0,0,0.102,Adv,Dom
Compositional Best-Effort Synthesizer,./1/199.ltlf,true.ltlf,Agent,0.197,0,0,0,0,0.197,Adv,Dom
Compositional Best-Effort Synthesizer,./1/200.ltlf,true.ltlf,Agent,0.106,0,0,0,0,0.106,Adv,Dom
Compositional Best-Effort Synthesizer,./2/001.ltlf,true.ltlf,Agent,0.926,3.133,1.06,0.088,0.199,5.406,Coop,NoDom
Compositional Best-Effort Synthesizer,./2/002.ltlf,true.ltlf,Agent,0.097,0,0,0,0,0.097,Adv,Dom
Compositional Best-Effort Synthesizer,./2/003.ltlf,true.ltlf,Agent,0.117,0,0,0,0,0.117,Coop,NoDom
Compositional Best-Effort Synthesizer,./2/004.ltlf,true.ltlf,Agent,0.151,0.141,0.039,0.015,0.007,0.353,Coop,NoDom
Compositional Best-Effort Synthesizer,./2/005.ltlf,true.ltlf,Agent,0.165,0.36,0.146,0.047,0.038,0.756,Coop,NoDom
Compositional Best-Effort Synthesizer,./2/006.ltlf,true.ltlf,Agent,0.283,0,0,0,0.007,0.29,Coop,NoDom
Compositional Best-Effort Synthesizer,./2/007.ltlf,true.ltlf,Agent,0.149,0,0,0,0,0.149,Adv,Dom
Compositional Best-Effort Synthesizer,./2/008.ltlf,true.ltlf,Agent,0.145,0.17,0.112,0.01,0.007,0.444,Coop,NoDom
Compositional Best-Effort Synthesizer,./2/009.ltlf,true.ltlf,Agent,0.099,0.103,0.008,0.005,0.003,0.218,Coop,NoDom
Compositional Best-Effort Synthesizer,./2/010.ltlf,true.ltlf,Agent,0.367,0,0,0,0,0.367,Unr,Dom
Compositional Best-Effort Synthesizer,./2/011.ltlf,true.ltlf,Agent,0.354,0,0,0,0.01,0.364,Coop,NoDom
Compositional Best-Effort Synthesizer,./2/012.ltlf,true.ltlf,Agent,0.07,0.008,0,0.001,0,0.079,Coop,NoDom
Compositional Best-Effort Synthesizer,./2/013.ltlf,true.ltlf,Agent,0.374,0.015,0.001,0.001,0.022,0.413,Coop,NoDom
Compositional Best-Effort Synthesizer,./2/014.ltlf,true.ltlf,Agent,0.039,0.002,0,0,0,0.041,Coop,NoDom
Compositional Best-Effort Synthesizer,./2/015.ltlf,true.ltlf,Agent,0.295,0,0,0,0.005,0.3,Coop,NoDom
Compositional Best-Effort Synthesizer,./2/016.ltlf,true.ltlf,Agent,0.291,0,0,0,0,0.291,Unr,Dom
Compositional Best-Effort Synthesizer,./2/017.ltlf,true.ltlf,Agent,0.05,0.082,0.035,0.008,0.013,0.188,Coop,NoDom
Compositional Best-Effort Synthesizer,./2/018.ltlf,true.ltlf,Agent,0.058,0,0,0,0,0.058,Unr,Dom
Compositional Best-Effort Synthesizer,./2/019.ltlf,true.ltlf,Agent,0.36,0.617,0.155,0.065,0.021,1.218,Coop,NoDom
Compositional Best-Effort Synthesizer,./2/020.ltlf,true.ltlf,Agent,0.25,0,0,0,0,0.25,Unr,Dom
Compositional Best-Effort Synthesizer,./2/021.ltlf,true.ltlf,Agent,0.1,0.008,0.001,0.001,0,0.11,Coop,NoDom
Compositional Best-Effort Synthesizer,./2/022.ltlf,true.ltlf,Agent,0.232,0.219,0.01,0,0,0.461,Adv,Dom
Compositional Best-Effort Synthesizer,./2/024.ltlf,true.ltlf,Agent,0.059,0,0,0,0,0.059,Unr,Dom
Compositional Best-Effort Synthesizer,./2/025.ltlf,true.ltlf,Agent,0.269,0.404,0.158,0.049,0.037,0.917,Coop,NoDom
Compositional Best-Effort Synthesizer,./2/026.ltlf,true.ltlf,Agent,0.091,0,0,0,0,0.091,Unr,Dom
Compositional Best-Effort Synthesizer,./2/027.ltlf,true.ltlf,Agent,0.017,0.002,0,0,0,0.019,Adv,Dom
Compositional Best-Effort Synthesizer,./2/029.ltlf,true.ltlf,Agent,1.452,4.714,0.184,0.029,0.081,6.46,Coop,NoDom
Compositional Best-Effort Synthesizer,./2/030.ltlf,true.ltlf,Agent,0.113,0.094,0.083,0.005,0.04,0.335,Coop,NoDom
Compositional Best-Effort Synthesizer,./2/031.ltlf,true.ltlf,Agent,0.173,0,0,0,0,0.173,Unr,Dom
Compositional Best-Effort Synthesizer,./2/033.ltlf,true.ltlf,Agent,0.175,0,0,0,0,0.175,Adv,Dom
Compositional Best-Effort Synthesizer,./2/034.ltlf,true.ltlf,Agent,0.021,0,0,0,0,0.021,Unr,Dom
Compositional Best-Effort Synthesizer,./2/035.ltlf,true.ltlf,Agent,0.085,0.006,0,0,0,0.091,Adv,Dom
Compositional Best-Effort Synthesizer,./2/036.ltlf,true.ltlf,Agent,0.108,0.003,0,0,0.001,0.112,Coop,NoDom
Compositional Best-Effort Synthesizer,./2/037.ltlf,true.ltlf,Agent,0.183,0,0,0,0.002,0.185,Coop,NoDom
Compositional Best-Effort Synthesizer,./2/038.ltlf,true.ltlf,Agent,0.11,0.059,0.024,0.005,0.011,0.209,Coop,NoDom
Compositional Best-Effort Synthesizer,./2/039.ltlf,true.ltlf,Agent,0.14,0,0,0,0,0.14,Adv,Dom
Compositional Best-Effort Synthesizer,./2/040.ltlf,true.ltlf,Agent,0.181,0,0,0,0,0.181,Adv,Dom
Compositional Best-Effort Synthesizer,./2/041.ltlf,true.ltlf,Agent,0.021,0.033,0.003,0.001,0,0.058,Coop,NoDom
Compositional Best-Effort Synthesizer,./2/042.ltlf,true.ltlf,Agent,0.219,0,0,0,0.005,0.224,Coop,NoDom
Compositional Best-Effort Synthesizer,./2/043.ltlf,true.ltlf,Agent,0.131,0.002,0,0,0.002,0.135,Coop,NoDom
Compositional Best-Effort Synthesizer,./2/044.ltlf,true.ltlf,Agent,0.151,0.196,0.023,0.007,0.012,0.389,Coop,NoDom
Compositional Best-Effort Synthesizer,./2/045.ltlf,true.ltlf,Agent,1.086,4.857,0.842,0.056,0.177,7.018,Coop,NoDom
Compositional Best-Effort Synthesizer,./2/046.ltlf,true.ltlf,Agent,0.13,0,0,0,0,0.13,Unr,Dom
Compositional Best-Effort Synthesizer,./2/047.ltlf,true.ltlf,Agent,0.058,0.005,0.001,0.001,0.001,0.066,Coop,NoDom
Compositional Best-Effort Synthesizer,./2/048.ltlf,true.ltlf,Agent,0.117,0,0,0,0,0.117,Unr,Dom
Compositional Best-Effort Synthesizer,./2/049.ltlf,true.ltlf,Agent,1.465,6.615,22.386,12.804,0.014,43.284,Coop,NoDom
Compositional Best-Effort Synthesizer,./2/050.ltlf,true.ltlf,Agent,0.085,0,0,0,0,0.085,Coop,NoDom
Compositional Best-Effort Synthesizer,./2/051.ltlf,true.ltlf,Agent,0.196,0.006,0.003,0.003,0.012,0.22,Coop,NoDom
Compositional Best-Effort Synthesizer,./2/052.ltlf,true.ltlf,Agent,0.15,0,0,0,0.002,0.152,Coop,NoDom
Compositional Best-Effort Synthesizer,./2/053.ltlf,true.ltlf,Agent,0.069,0,0,0,0,0.069,Adv,Dom
Compositional Best-Effort Synthesizer,./2/054.ltlf,true.ltlf,Agent,0.015,0.003,0,0,0,0.018,Adv,Dom
Compositional Best-Effort Synthesizer,./2/055.ltlf,true.ltlf,Agent,0.068,0.004,0,0,0,0.072,Adv,Dom
Compositional Best-Effort Synthesizer,./2/056.ltlf,true.ltlf,Agent,0.172,0,0,0,0,0.172,Unr,Dom
Compositional Best-Effort Synthesizer,./2/057.ltlf,true.ltlf,Agent,0.106,0,0,0,0.001,0.107,Coop,NoDom
Compositional Best-Effort Synthesizer,./2/058.ltlf,true.ltlf,Agent,0.443,2.413,1.832,0.119,0.101,4.908,Coop,NoDom
Compositional Best-Effort Synthesizer,./2/059.ltlf,true.ltlf,Agent,0.251,1.048,0.81,0.283,0.911,3.303,Coop,NoDom
Compositional Best-Effort Synthesizer,./2/060.ltlf,true.ltlf,Agent,0.266,0.466,0.465,0.03,0.014,1.241,Coop,NoDom
Compositional Best-Effort Synthesizer,./2/061.ltlf,true.ltlf,Agent,0.098,0,0,0,0,0.098,Adv,Dom
Compositional Best-Effort Synthesizer,./2/062.ltlf,true.ltlf,Agent,0.295,1.341,0.19,0.012,0,1.838,Adv,Dom
Compositional Best-Effort Synthesizer,./2/063.ltlf,true.ltlf,Agent,0.13,0,0,0,0,0.13,Unr,Dom
Compositional Best-Effort Synthesizer,./2/064.ltlf,true.ltlf,Agent,0.063,0.146,0.174,0.016,0.016,0.415,Coop,NoDom
Compositional Best-Effort Synthesizer,./2/065.ltlf,true.ltlf,Agent,0.142,0,0,0,0,0.142,Unr,Dom
Compositional Best-Effort Synthesizer,./2/066.ltlf,true.ltlf,Agent,0.07,0,0,0,0,0.07,Coop,NoDom
Compositional Best-Effort Synthesizer,./2/067.ltlf,true.ltlf,Agent,0.109,0.001,0,0,0,0.11,Coop,NoDom
Compositional Best-Effort Synthesizer,./2/068.ltlf,true.ltlf,Agent,0.028,0.006,0.014,0.001,0.009,0.058,Coop,NoDom
Compositional Best-Effort Synthesizer,./2/069.ltlf,true.ltlf,Agent,0.178,0,0,0,0,0.178,Adv,Dom
Compositional Best-Effort Synthesizer,./2/070.ltlf,true.ltlf,Agent,0.027,0.134,0.016,0.004,0.001,0.182,Coop,NoDom
Compositional Best-Effort Synthesizer,./2/071.ltlf,true.ltlf,Agent,0.062,0.473,0.392,0.024,0.008,0.959,Coop,NoDom
Compositional Best-Effort Synthesizer,./2/073.ltlf,true.ltlf,Agent,0.106,0.276,0.03,0.01,0.009,0.431,Coop,NoDom
Compositional Best-Effort Synthesizer,./2/074.ltlf,true.ltlf,Agent,0.124,0.001,0,0,0,0.125,Adv,Dom
Compositional Best-Effort Synthesizer,./2/075.ltlf,true.ltlf,Agent,0.094,0,0,0,0,0.094,Unr,Dom
Compositional Best-Effort Synthesizer,./2/076.ltlf,true.ltlf,Agent,0.055,0,0,0,0,0.055,Coop,NoDom
Compositional Best-Effort Synthesizer,./2/077.ltlf,true.ltlf,Agent,0.05,0,0,0,0,0.05,Coop,NoDom
Compositional Best-Effort Synthesizer,./2/078.ltlf,true.ltlf,Agent,0.044,0,0,0,0,0.044,Coop,NoDom
Compositional Best-Effort Synthesizer,./2/080.ltlf,true.ltlf,Agent,0.145,0,0,0,0,0.145,Adv,Dom
Compositional Best-Effort Synthesizer,./2/081.ltlf,true.ltlf,Agent,0.06,0,0,0,0,0.06,Unr,Dom
Compositional Best-Effort Synthesizer,./2/082.ltlf,true.ltlf,Agent,0.16,0,0,0,0.002,0.162,Coop,NoDom
Compositional Best-Effort Synthesizer,./2/083.ltlf,true.ltlf,Agent,0.1,0,0,0,0,0.1,Adv,Dom
Compositional Best-Effort Synthesizer,./2/084.ltlf,true.ltlf,Agent,0.23,0.185,0.009,0.007,0.006,0.437,Coop,NoDom
Compositional Best-Effort Synthesizer,./2/085.ltlf,true.ltlf,Agent,0.113,0,0,0,0,0.113,Unr,Dom
Compositional Best-Effort Synthesizer,./2/086.ltlf,true.ltlf,Agent,0.013,0.002,0,0,0,0.015,Adv,Dom
Compositional Best-Effort Synthesizer,./2/087.ltlf,true.ltlf,Agent,0.025,0.012,0.011,0,0,0.048,Coop,NoDom
Compositional Best-Effort Synthesizer,./2/088.ltlf,true.ltlf,Agent,0.07,0,0,0,0,0.07,Unr,Dom
Compositional Best-Effort Synthesizer,./2/090.ltlf,true.ltlf,Agent,0.03,0.003,0.001,0,0,0.034,Coop,NoDom
Compositional Best-Effort Synthesizer,./2/091.ltlf,true.ltlf,Agent,0.127,0,0,0,0.001,0.128,Coop,NoDom
Compositional Best-Effort Synthesizer,./2/092.ltlf,true.ltlf,Agent,0.275,0,0,0,0.01,0.285,Coop,NoDom
Compositional Best-Effort Synthesizer,./2/093.ltlf,true.ltlf,Agent,0.043,0.008,0.004,0.002,0.004,0.061,Coop,NoDom
Compositional Best-Effort Synthesizer,./2/094.ltlf,true.ltlf,Agent,0.061,0,0,0,0,0.061,Unr,Dom
Compositional Best-Effort Synthesizer,./2/095.ltlf,true.ltlf,Agent,0.365,1.466,0.071,0.021,0.01,1.933,Coop,NoDom
Compositional Best-Effort Synthesizer,./2/096.ltlf,true.ltlf,Agent,0.105,0,0,0,0,0.105,Adv,Dom
Compositional Best-Effort Synthesizer,./2/097.ltlf,true.ltlf,Agent,0.038,0.015,0.004,0,0,0.057,Coop,NoDom
Compositional Best-Effort Synthesizer,./2/098.ltlf,true.ltlf,Agent,0.143,0,0,0,0,0.143,Adv,Dom
Compositional Best-Effort Synthesizer,./2/099.ltlf,true.ltlf,Agent,0.048,0,0,0,0,0.048,Adv,Dom
Compositional Best-Effort Synthesizer,./2/100.ltlf,true.ltlf,Agent,0.203,0.285,0.077,0.008,0.103,0.676,Coop,NoDom
Compositional Best-Effort Synthesizer,./2/101.ltlf,true.ltlf,Agent,0.191,0.479,0.142,0.053,0.036,0.901,Coop,NoDom
Compositional Best-Effort Synthesizer,./2/102.ltlf,true.ltlf,Agent,0.119,0,0,0,0,0.119,Unr,Dom
Compositional Best-Effort Synthesizer,./2/103.ltlf,true.ltlf,Agent,0.066,0.048,0.014,0.001,0.002,0.131,Coop,NoDom
Compositional Best-Effort Synthesizer,./2/104.ltlf,true.ltlf,Agent,0.054,0.001,0,0,0,0.055,Adv,Dom
Compositional Best-Effort Synthesizer,./2/105.ltlf,true.ltlf,Agent,0.046,0,0,0,0,0.046,Coop,NoDom
Compositional Best-Effort Synthesizer,./2/106.ltlf,true.ltlf,Agent,0.061,0.109,0.025,0.006,0.005,0.206,Coop,NoDom
Compositional Best-Effort Synthesizer,./2/107.ltlf,true.ltlf,Agent,0.119,0.301,0.061,0.025,0.024,0.53,Coop,NoDom
Compositional Best-Effort Synthesizer,./2/108.ltlf,true.ltlf,Agent,0.322,0,0,0,0.01,0.332,Coop,NoDom
Compositional Best-Effort Synthesizer,./2/109.ltlf,true.ltlf,Agent,0.047,0.007,0.007,0.002,0.005,0.068,Coop,NoDom
Compositional Best-Effort Synthesizer,./2/110.ltlf,true.ltlf,Agent,6.06,48.635,1.031,0.104,0.128,55.958,Coop,NoDom
Compositional Best-Effort Synthesizer,./2/111.ltlf,true.ltlf,Agent,0.034,0.004,0.001,0,0,0.039,Adv,Dom
Compositional Best-Effort Synthesizer,./2/112.ltlf,true.ltlf,Agent,0.183,0.502,0.863,0.064,0.175,1.787,Coop,NoDom
Compositional Best-Effort Synthesizer,./2/113.ltlf,true.ltlf,Agent,0.148,0.058,0.025,0.005,0.01,0.246,Coop,NoDom
Compositional Best-Effort Synthesizer,./2/114.ltlf,true.ltlf,Agent,0.092,0.001,0.001,0,0.001,0.095,Coop,NoDom
Compositional Best-Effort Synthesizer,./2/115.ltlf,true.ltlf,Agent,0.629,2.351,0.15,0.052,0.021,3.203,Coop,NoDom
Compositional Best-Effort Synthesizer,./2/116.ltlf,true.ltlf,Agent,0.09,0.017,0.006,0.001,0.005,0.119,Coop,NoDom
Compositional Best-Effort Synthesizer,./2/117.ltlf,true.ltlf,Agent,0.108,0.003,0,0,0,0.111,Adv,Dom
Compositional Best-Effort Synthesizer,./2/118.ltlf,true.ltlf,Agent,0.039,0,0,0,0,0.039,Unr,Dom
Compositional Best-Effort Synthesizer,./2/119.ltlf,true.ltlf,Agent,0.123,0.156,0.044,0.027,0.013,0.363,Coop,NoDom
Compositional Best-Effort Synthesizer,./2/120.ltlf,true.ltlf,Agent,0.072,0,0,0,0,0.072,Unr,Dom
Compositional Best-Effort Synthesizer,./2/121.ltlf,true.ltlf,Agent,0.125,0.261,0.9,0.071,0.002,1.359,Coop,NoDom
Compositional Best-Effort Synthesizer,./2/122.ltlf,true.ltlf,Agent,0.116,0,0,0,0,0.116,Adv,Dom
Compositional Best-Effort Synthesizer,./2/123.ltlf,true.ltlf,Agent,0.159,0,0,0,0,0.159,Unr,Dom
Compositional Best-Effort Synthesizer,./2/124.ltlf,true.ltlf,Agent,0.095,0.035,0.039,0.002,0.006,0.177,Coop,NoDom
Compositional Best-Effort Synthesizer,./2/125.ltlf,true.ltlf,Agent,0.104,0,0,0,0,0.104,Coop,NoDom
Compositional Best-Effort Synthesizer,./2/126.ltlf,true.ltlf,Agent,0.088,0.029,0.001,0.003,0.001,0.122,Coop,NoDom
Compositional Best-Effort Synthesizer,./2/127.ltlf,true.ltlf,Agent,0.04,0.001,0,0,0,0.041,Coop,NoDom
Compositional Best-Effort Synthesizer,./2/128.ltlf,true.ltlf,Agent,0.093,0,0,0,0,0.093,Coop,NoDom
Compositional Best-Effort Synthesizer,./2/129.ltlf,true.ltlf,Agent,0.218,0,0,0,0,0.218,Adv,Dom
Compositional Best-Effort Synthesizer,./2/130.ltlf,true.ltlf,Agent,0.051,0,0,0,0,0.051,Unr,Dom
Compositional Best-Effort Synthesizer,./2/131.ltlf,true.ltlf,Agent,0.026,0.082,0.012,0.002,0,0.122,Adv,Dom
Compositional Best-Effort Synthesizer,./2/132.ltlf,true.ltlf,Agent,0.026,0.122,0.023,0.007,0.004,0.182,Coop,NoDom
Compositional Best-Effort Synthesizer,./2/133.ltlf,true.ltlf,Agent,0.036,0.035,0.002,0,0,0.073,Adv,Dom
Compositional Best-Effort Synthesizer,./2/134.ltlf,true.ltlf,Agent,0.098,0,0,0,0,0.098,Unr,Dom
Compositional Best-Effort Synthesizer,./2/135.ltlf,true.ltlf,Agent,0.223,0,0,0,0,0.223,Adv,Dom
Compositional Best-Effort Synthesizer,./2/136.ltlf,true.ltlf,Agent,0.032,0,0,0,0,0.032,Adv,Dom
Compositional Best-Effort Synthesizer,./2/138.ltlf,true.ltlf,Agent,0.239,0,0,0,0,0.239,Adv,Dom
Compositional Best-Effort Synthesizer,./2/139.ltlf,true.ltlf,Agent,0.035,0,0,0,0,0.035,Unr,Dom
Compositional Best-Effort Synthesizer,./2/140.ltlf,true.ltlf,Agent,0.103,0,0,0,0,0.103,Adv,Dom
Compositional Best-Effort Synthesizer,./2/141.ltlf,true.ltlf,Agent,0.137,0,0,0,0,0.137,Adv,Dom
Compositional Best-Effort Synthesizer,./2/142.ltlf,true.ltlf,Agent,0.123,0.262,0.972,0.06,0.001,1.418,Coop,NoDom
Compositional Best-Effort Synthesizer,./2/143.ltlf,true.ltlf,Agent,0.024,0.005,0.001,0,0,0.03,Adv,Dom
Compositional Best-Effort Synthesizer,./2/144.ltlf,true.ltlf,Agent,0.132,0,0,0,0,0.132,Unr,Dom
Compositional Best-Effort Synthesizer,./2/145.ltlf,true.ltlf,Agent,0.288,0,0,0,0.01,0.298,Coop,NoDom
Compositional Best-Effort Synthesizer,./2/146.ltlf,true.ltlf,Agent,0.1,0,0,0,0,0.1,Unr,Dom
Compositional Best-Effort Synthesizer,./2/147.ltlf,true.ltlf,Agent,0.029,0,0,0,0,0.029,Unr,Dom
Compositional Best-Effort Synthesizer,./2/148.ltlf,true.ltlf,Agent,0.041,0.003,0,0,0,0.044,Adv,Dom
Compositional Best-Effort Synthesizer,./2/149.ltlf,true.ltlf,Agent,0.11,0,0,0,0,0.11,Adv,Dom
Compositional Best-Effort Synthesizer,./2/150.ltlf,true.ltlf,Agent,0.047,0,0,0,0,0.047,Coop,NoDom
Compositional Best-Effort Synthesizer,./2/151.ltlf,true.ltlf,Agent,0.192,0.6,1.321,0.082,0.003,2.198,Coop,NoDom
Compositional Best-Effort Synthesizer,./2/152.ltlf,true.ltlf,Agent,0.147,0.319,0.017,0.002,0,0.485,Adv,Dom
Compositional Best-Effort Synthesizer,./2/153.ltlf,true.ltlf,Agent,0.185,0,0,0,0,0.185,Adv,Dom
Compositional Best-Effort Synthesizer,./2/154.ltlf,true.ltlf,Agent,0.144,0.003,0,0,0,0.147,Adv,Dom
Compositional Best-Effort Synthesizer,./2/155.ltlf,true.ltlf,Agent,0.256,0.941,0.345,0.017,0.007,1.566,Coop,NoDom
Compositional Best-Effort Synthesizer,./2/156.ltlf,true.ltlf,Agent,0.161,0,0,0,0.001,0.162,Coop,NoDom
Compositional Best-Effort Synthesizer,./2/157.ltlf,true.ltlf,Agent,0.065,0,0,0.006,0,0.071,Coop,NoDom
Compositional Best-Effort Synthesizer,./2/158.ltlf,true.ltlf,Agent,0.298,0,0,0,0.008,0.306,Coop,NoDom
Compositional Best-Effort Synthesizer,./2/159.ltlf,true.ltlf,Agent,0.062,0.002,0,0,0,0.064,Adv,Dom
Compositional Best-Effort Synthesizer,./2/160.ltlf,true.ltlf,Agent,0.067,0,0,0,0,0.067,Unr,Dom
Compositional Best-Effort Synthesizer,./2/161.ltlf,true.ltlf,Agent,0.163,0,0,0,0,0.163,Unr,Dom
Compositional Best-Effort Synthesizer,./2/162.ltlf,true.ltlf,Agent,0.071,0.308,0.097,0.006,0.003,0.485,Coop,NoDom
Compositional Best-Effort Synthesizer,./2/163.ltlf,true.ltlf,Agent,0.227,0,0,0,0,0.227,Adv,Dom
Compositional Best-Effort Synthesizer,./2/164.ltlf,true.ltlf,Agent,0.364,0,0,0,0.015,0.379,Coop,NoDom
Compositional Best-Effort Synthesizer,./2/165.ltlf,true.ltlf,Agent,0.076,0,0,0,0,0.076,Adv,Dom
Compositional Best-Effort Synthesizer,./2/166.ltlf,true.ltlf,Agent,0.213,0.368,0.309,0.022,0.032,0.944,Coop,NoDom
Compositional Best-Effort Synthesizer,./2/167.ltlf,true.ltlf,Agent,0.356,0.002,0,0,0.016,0.374,Coop,NoDom
Compositional Best-Effort Synthesizer,./2/168.ltlf,true.ltlf,Agent,0.052,0,0,0,0,0.052,Unr,Dom
Compositional Best-Effort Synthesizer,./2/169.ltlf,true.ltlf,Agent,0.133,0.001,0,0,0.001,0.135,Coop,NoDom
Compositional Best-Effort Synthesizer,./2/170.ltlf,true.ltlf,Agent,0.232,0.466,0.093,0.033,0.057,0.881,Coop,NoDom
Compositional Best-Effort Synthesizer,./2/171.ltlf,true.ltlf,Agent,0.15,0,0,0,0,0.15,Adv,Dom
Compositional Best-Effort Synthesizer,./2/172.ltlf,true.ltlf,Agent,0.19,0,0,0,0.002,0.192,Coop,NoDom
Compositional Best-Effort Synthesizer,./2/174.ltlf,true.ltlf,Agent,0.147,0,0,0,0.001,0.148,Coop,NoDom
Compositional Best-Effort Synthesizer,./2/175.ltlf,true.ltlf,Agent,0.216,0,0,0,0,0.216,Adv,Dom
Compositional Best-Effort Synthesizer,./2/176.ltlf,true.ltlf,Agent,0.064,0.019,0.008,0,0.001,0.092,Coop,NoDom
Compositional Best-Effort Synthesizer,./2/177.ltlf,true.ltlf,Agent,0.384,0.236,0.014,0,0.01,0.644,Coop,NoDom
Compositional Best-Effort Synthesizer,./2/178.ltlf,true.ltlf,Agent,0.116,0,0,0,0,0.116,Unr,Dom
Compositional Best-Effort Synthesizer,./2/179.ltlf,true.ltlf,Agent,0.177,0,0,0,0,0.177,Unr,Dom
Compositional Best-Effort Synthesizer,./2/181.ltlf,true.ltlf,Agent,0.079,0,0,0,0,0.079,Coop,NoDom
Compositional Best-Effort Synthesizer,./2/182.ltlf,true.ltlf,Agent,0.057,0.008,0.001,0.001,0,0.067,Coop,NoDom
Compositional Best-Effort Synthesizer,./2/183.ltlf,true.ltlf,Agent,0.297,1.437,5.475,2.211,0.007,9.427,Coop,NoDom
Compositional Best-Effort Synthesizer,./2/185.ltlf,true.ltlf,Agent,0.145,0,0,0,0,0.145,Unr,Dom
Compositional Best-Effort Synthesizer,./2/186.ltlf,true.ltlf,Agent,0.095,0.001,0,0,0,0.096,Adv,Dom
Compositional Best-Effort Synthesizer,./2/187.ltlf,true.ltlf,Agent,0.145,0,0,0,0,0.145,Unr,Dom
Compositional Best-Effort Synthesizer,./2/188.ltlf,true.ltlf,Agent,0.2,0.461,0.367,0.032,0.091,1.151,Coop,NoDom
Compositional Best-Effort Synthesizer,./2/189.ltlf,true.ltlf,Agent,0.189,0.087,0.081,0.003,0.001,0.361,Coop,NoDom
Compositional Best-Effort Synthesizer,./2/190.ltlf,true.ltlf,Agent,0.042,0.063,0.341,0.033,0.167,0.646,Coop,NoDom
Compositional Best-Effort Synthesizer,./2/191.ltlf,true.ltlf,Agent,0.03,0.007,0,0,0,0.037,Coop,NoDom
Compositional Best-Effort Synthesizer,./2/192.ltlf,true.ltlf,Agent,0.046,0.136,0.069,0.009,0.02,0.28,Coop,NoDom
Compositional Best-Effort Synthesizer,./2/193.ltlf,true.ltlf,Agent,0.083,0.002,0,0,0,0.085,Coop,NoDom
Compositional Best-Effort Synthesizer,./2/194.ltlf,true.ltlf,Agent,0.04,0,0,0,0,0.04,Unr,Dom
Compositional Best-Effort Synthesizer,./2/195.ltlf,true.ltlf,Agent,0.275,0,0,0,0.01,0.285,Coop,NoDom
Compositional Best-Effort Synthesizer,./2/196.ltlf,true.ltlf,Agent,0.142,0,0,0,0,0.142,Unr,Dom
Compositional Best-Effort Synthesizer,./2/197.ltlf,true.ltlf,Agent,0.038,0,0,0,0,0.038,Adv,Dom
Compositional Best-Effort Synthesizer,./2/198.ltlf,true.ltlf,Agent,0.14,0,0,0,0,0.14,Unr,Dom
Compositional Best-Effort Synthesizer,./2/199.ltlf,true.ltlf,Agent,0.03,0,0,0,0,0.03,Unr,Dom
Compositional Best-Effort Synthesizer,./2/200.ltlf,true.ltlf,Agent,0.227,0.015,0.004,0.009,0.006,0.261,Coop,NoDom
Compositional Best-Effort Synthesizer,./3/001.ltlf,true.ltlf,Agent,0.204,0.059,0.029,0.002,0.034,0.328,Coop,NoDom
Compositional Best-Effort Synthesizer,./3/002.ltlf,true.ltlf,Agent,0.171,0.003,0.003,0.001,0.008,0.186,Coop,NoDom
Compositional Best-Effort Synthesizer,./3/003.ltlf,true.ltlf,Agent,0.118,0,0,0,0,0.118,Adv,Dom
Compositional Best-Effort Synthesizer,./3/005.ltlf,true.ltlf,Agent,0.026,0.005,0.003,0,0,0.034,Adv,Dom
Compositional Best-Effort Synthesizer,./3/006.ltlf,true.ltlf,Agent,0.253,0,0,0,0.01,0.263,Coop,NoDom
Compositional Best-Effort Synthesizer,./3/007.ltlf,true.ltlf,Agent,0.081,0,0,0,0,0.081,Coop,NoDom
Compositional Best-Effort Synthesizer,./3/008.ltlf,true.ltlf,Agent,4.939,21.719,3.148,0.245,2.034,32.085,Coop,NoDom
Compositional Best-Effort Synthesizer,./3/009.ltlf,true.ltlf,Agent,0.103,0,0,0,0,0.103,Unr,Dom
Compositional Best-Effort Synthesizer,./3/010.ltlf,true.ltlf,Agent,0.184,1.004,0.139,0.008,0.039,1.374,Coop,NoDom
Compositional Best-Effort Synthesizer,./3/011.ltlf,true.ltlf,Agent,0.06,0.053,0.009,0.004,0.005,0.131,Coop,NoDom
Compositional Best-Effort Synthesizer,./3/014.ltlf,true.ltlf,Agent,0.066,0,0,0,0,0.066,Unr,Dom
Compositional Best-Effort Synthesizer,./3/015.ltlf,true.ltlf,Agent,0.043,0,0,0,0,0.043,Unr,Dom
Compositional Best-Effort Synthesizer,./3/016.ltlf,true.ltlf,Agent,0.066,0.122,0.037,0.004,0.008,0.237,Coop,NoDom
Compositional Best-Effort Synthesizer,./3/017.ltlf,true.ltlf,Agent,7.81,29.477,305.548,127.8,4.212,474.847,Coop,NoDom
Compositional Best-Effort Synthesizer,./3/018.ltlf,true.ltlf,Agent,2.892,44.334,1.542,0.264,0.339,49.371,Coop,NoDom
Compositional Best-Effort Synthesizer,./3/019.ltlf,true.ltlf,Agent,0.111,0.005,0.002,0,0.004,0.122,Coop,NoDom
Compositional Best-Effort Synthesizer,./3/020.ltlf,true.ltlf,Agent,0.093,0,0,0,0,0.093,Adv,Dom
Compositional Best-Effort Synthesizer,./3/021.ltlf,true.ltlf,Agent,0.134,0,0,0,0.005,0.139,Coop,NoDom
Compositional Best-Effort Synthesizer,./3/022.ltlf,true.ltlf,Agent,0.095,0.002,0,0,0.001,0.098,Coop,NoDom
Compositional Best-Effort Synthesizer,./3/023.ltlf,true.ltlf,Agent,0.116,0.04,0.039,0.006,0.024,0.225,Coop,NoDom
Compositional Best-Effort Synthesizer,./3/024.ltlf,true.ltlf,Agent,0.162,0,0,0,0.005,0.167,Coop,NoDom
Compositional Best-Effort Synthesizer,./3/025.ltlf,true.ltlf,Agent,0.134,0.006,0.001,0,0,0.141,Adv,Dom
Compositional Best-Effort Synthesizer,./3/027.ltlf,true.ltlf,Agent,0.092,0,0,0,0,0.092,Adv,Dom
Compositional Best-Effort Synthesizer,./3/028.ltlf,true.ltlf,Agent,0.136,0,0,0,0,0.136,Unr,Dom
Compositional Best-Effort Synthesizer,./3/029.ltlf,true.ltlf,Agent,0.103,0,0,0,0.002,0.105,Coop,NoDom
Compositional Best-Effort Synthesizer,./3/030.ltlf,true.ltlf,Agent,0.127,0.097,0.025,0.007,0.016,0.272,Coop,NoDom
Compositional Best-Effort Synthesizer,./3/031.ltlf,true.ltlf,Agent,0.054,0,0,0,0,0.054,Unr,Dom
Compositional Best-Effort Synthesizer,./3/033.ltlf,true.ltlf,Agent,0.123,0.01,0.008,0.002,0.01,0.153,Coop,NoDom
Compositional Best-Effort Synthesizer,./3/034.ltlf,true.ltlf,Agent,0.09,0,0,0,0,0.09,Unr,Dom
Compositional Best-Effort Synthesizer,./3/035.ltlf,true.ltlf,Agent,0.07,0.005,0,0,0.001,0.076,Coop,NoDom
Compositional Best-Effort Synthesizer,./3/036.ltlf,true.ltlf,Agent,0.089,0,0,0,0,0.089,Adv,Dom
Compositional Best-Effort Synthesizer,./3/037.ltlf,true.ltlf,Agent,0.081,0.001,0,0,0.001,0.083,Coop,NoDom
Compositional Best-Effort Synthesizer,./3/039.ltlf,true.ltlf,Agent,0.15,0.001,0,0,0.003,0.154,Coop,NoDom
Compositional Best-Effort Synthesizer,./3/040.ltlf,true.ltlf,Agent,0.118,0,0,0,0.001,0.119,Coop,NoDom
Compositional Best-Effort Synthesizer,./3/041.ltlf,true.ltlf,Agent,0.196,0.012,0.024,0.001,0.024,0.257,Coop,NoDom
Compositional Best-Effort Synthesizer,./3/042.ltlf,true.ltlf,Agent,0.297,2.223,0.341,0.02,0.034,2.915,Coop,NoDom
Compositional Best-Effort Synthesizer,./3/043.ltlf,true.ltlf,Agent,0.061,0.304,1.666,0.082,0.023,2.136,Coop,NoDom
Compositional Best-Effort Synthesizer,./3/044.ltlf,true.ltlf,Agent,0.18,0,0,0,0,0.18,Unr,Dom
Compositional Best-Effort Synthesizer,./3/045.ltlf,true.ltlf,Agent,0.109,0,0,0,0,0.109,Adv,Dom
Compositional Best-Effort Synthesizer,./3/047.ltlf,true.ltlf,Agent,0.125,0.002,0,0,0.001,0.128,Coop,NoDom
Compositional Best-Effort Synthesizer,./3/048.ltlf,true.ltlf,Agent,0.065,0,0,0,0,0.065,Unr,Dom
Compositional Best-Effort Synthesizer,./3/049.ltlf,true.ltlf,Agent,0.087,0.029,0.02,0.003,0.002,0.141,Coop,NoDom
Compositional Best-Effort Synthesizer,./3/051.ltlf,true.ltlf,Agent,0.087,0.001,0,0,0.001,0.089,Coop,NoDom
Compositional Best-Effort Synthesizer,./3/052.ltlf,true.ltlf,Agent,0.031,0.033,0.023,0.004,0.008,0.099,Coop,NoDom
Compositional Best-Effort Synthesizer,./3/053.ltlf,true.ltlf,Agent,0.057,0,0,0,0,0.057,Unr,Dom
Compositional Best-Effort Synthesizer,./3/056.ltlf,true.ltlf,Agent,0.063,0,0,0,0,0.063,Unr,Dom
Compositional Best-Effort Synthesizer,./3/057.ltlf,true.ltlf,Agent,0.157,0,0,0,0.002,0.159,Coop,NoDom
Compositional Best-Effort Synthesizer,./3/058.ltlf,true.ltlf,Agent,0.111,0,0,0,0,0.111,Unr,Dom
Compositional Best-Effort Synthesizer,./3/059.ltlf,true.ltlf,Agent,0.052,0.11,0.058,0.004,0.005,0.229,Coop,NoDom
Compositional Best-Effort Synthesizer,./3/060.ltlf,true.ltlf,Agent,0.058,0.43,0.109,0.012,0.122,0.731,Coop,NoDom
Compositional Best-Effort Synthesizer,./3/061.ltlf,true.ltlf,Agent,0.066,0.01,0.009,0.002,0.008,0.095,Coop,NoDom
Compositional Best-Effort Synthesizer,./3/062.ltlf,true.ltlf,Agent,0.151,0,0,0,0,0.151,Unr,Dom
Compositional Best-Effort Synthesizer,./3/063.ltlf,true.ltlf,Agent,0.138,0,0,0,0,0.138,Unr,Dom
Compositional Best-Effort Synthesizer,./3/065.ltlf,true.ltlf,Agent,0.155,0.108,0.033,0.006,0.008,0.31,Coop,NoDom
Compositional Best-Effort Synthesizer,./3/067.ltlf,true.ltlf,Agent,0.113,0.048,0.013,0.002,0,0.176,Adv,Dom
Compositional Best-Effort Synthesizer,./3/068.ltlf,true.ltlf,Agent,1.151,19.554,0.104,0.008,0,20.817,Adv,Dom
Compositional Best-Effort Synthesizer,./3/069.ltlf,true.ltlf,Agent,0.029,0.044,0.016,0.002,0,0.091,Adv,Dom
Compositional Best-Effort Synthesizer,./3/070.ltlf,true.ltlf,Agent,2.436,31.5,28.225,27.086,1.815,91.062,Coop,NoDom
Compositional Best-Effort Synthesizer,./3/072.ltlf,true.ltlf,Agent,0.105,0.023,0.011,0.003,0.007,0.149,Coop,NoDom
Compositional Best-Effort Synthesizer,./3/073.ltlf,true.ltlf,Agent,0.112,0,0,0,0,0.112,Unr,Dom
Compositional Best-Effort Synthesizer,./3/075.ltlf,true.ltlf,Agent,0.228,3.667,0.626,0.062,0.285,4.868,Coop,NoDom
Compositional Best-Effort Synthesizer,./3/076.ltlf,true.ltlf,Agent,0.106,0.552,0.492,0.041,0.286,1.477,Coop,NoDom
Compositional Best-Effort Synthesizer,./3/077.ltlf,true.ltlf,Agent,0.349,1.12,0.317,0.053,0.355,2.194,Coop,NoDom
Compositional Best-Effort Synthesizer,./3/078.ltlf,true.ltlf,Agent,0.124,0.007,0.006,0,0.003,0.14,Coop,NoDom
Compositional Best-Effort Synthesizer,./3/079.ltlf,true.ltlf,Agent,0.121,0.007,0.001,0,0,0.129,Adv,Dom
Compositional Best-Effort Synthesizer,./3/081.ltlf,true.ltlf,Agent,0.04,0,0,0,0,0.04,Unr,Dom
Compositional Best-Effort Synthesizer,./3/082.ltlf,true.ltlf,Agent,0.128,0.719,1.716,0.115,4.154,6.832,Coop,NoDom
Compositional Best-Effort Synthesizer,./3/083.ltlf,true.ltlf,Agent,0.696,2.014,0.269,0.034,0.177,3.19,Coop,NoDom
Compositional Best-Effort Synthesizer,./3/084.ltlf,true.ltlf,Agent,0.133,0.005,0.003,0.002,0.003,0.146,Coop,NoDom
Compositional Best-Effort Synthesizer,./3/085.ltlf,true.ltlf,Agent,0.072,0,0,0,0,0.072,Coop,NoDom
Compositional Best-Effort Synthesizer,./3/086.ltlf,true.ltlf,Agent,0.18,0.002,0.001,0,0.011,0.194,Coop,NoDom
Compositional Best-Effort Synthesizer,./3/087.ltlf,true.ltlf,Agent,0.031,0.055,0.037,0.003,0.008,0.134,Coop,NoDom
Compositional Best-Effort Synthesizer,./3/088.ltlf,true.ltlf,Agent,0.106,0,0,0,0,0.106,Unr,Dom
Compositional Best-Effort Synthesizer,./3/091.ltlf,true.ltlf,Agent,0.052,0.019,0.004,0.003,0.001,0.079,Coop,NoDom
Compositional Best-Effort Synthesizer,./3/092.ltlf,true.ltlf,Agent,0.174,0.172,0.011,0.001,0.005,0.363,Coop,NoDom
Compositional Best-Effort Synthesizer,./3/093.ltlf,true.ltlf,Agent,0.113,0.787,0.86,0.08,0.565,2.405,Coop,NoDom
Compositional Best-Effort Synthesizer,./3/095.ltlf,true.ltlf,Agent,0.04,0.05,0.064,0.004,0.046,0.204,Coop,NoDom
Compositional Best-Effort Synthesizer,./3/096.ltlf,true.ltlf,Agent,0.82,8.389,5.32,0.7,0.994,16.223,Coop,NoDom
Compositional Best-Effort Synthesizer,./3/097.ltlf,true.ltlf,Agent,0.044,0,0,0,0,0.044,Unr,Dom
Compositional Best-Effort Synthesizer,./3/099.ltlf,true.ltlf,Agent,0.037,0.097,0.038,0.002,0.003,0.177,Coop,NoDom
Compositional Best-Effort Synthesizer,./3/100.ltlf,true.ltlf,Agent,0.112,0,0,0,0,0.112,Unr,Dom
Compositional Best-Effort Synthesizer,./3/101.ltlf,true.ltlf,Agent,0.46,3.19,26.149,12.952,0.286,43.037,Coop,NoDom
Compositional Best-Effort Synthesizer,./3/102.ltlf,true.ltlf,Agent,0.068,0,0,0,0,0.068,Unr,Dom
Compositional Best-Effort Synthesizer,./3/103.ltlf,true.ltlf,Agent,1.194,3.713,1.214,0.065,1.64,7.826,Coop,NoDom
Compositional Best-Effort Synthesizer,./3/104.ltlf,true.ltlf,Agent,0.075,0.017,0.039,0.001,0,0.132,Coop,NoDom
Compositional Best-Effort Synthesizer,./3/105.ltlf,true.ltlf,Agent,0.115,0,0,0,0,0.115,Unr,Dom
Compositional Best-Effort Synthesizer,./3/106.ltlf,true.ltlf,Agent,0.031,0.004,0,0,0,0.035,Coop,NoDom
Compositional Best-Effort Synthesizer,./3/107.ltlf,true.ltlf,Agent,0.112,0.144,0.006,0,0,0.262,Adv,Dom
Compositional Best-Effort Synthesizer,./3/108.ltlf,true.ltlf,Agent,2.97,62.269,11.883,4.631,1.533,83.286,Coop,NoDom
Compositional Best-Effort Synthesizer,./3/109.ltlf,true.ltlf,Agent,0.125,0.01,0.002,0,0.003,0.14,Coop,NoDom
Compositional Best-Effort Synthesizer,./3/110.ltlf,true.ltlf,Agent,0.084,0,0,0,0.001,0.085,Coop,NoDom
Compositional Best-Effort Synthesizer,./3/111.ltlf,true.ltlf,Agent,0.065,0.003,0,0,0,0.068,Coop,NoDom
Compositional Best-Effort Synthesizer,./3/112.ltlf,true.ltlf,Agent,0.12,0.392,0.337,0.061,0.023,0.933,Coop,NoDom
Compositional Best-Effort Synthesizer,./3/113.ltlf,true.ltlf,Agent,0.047,0.049,0.004,0.001,0.004,0.105,Coop,NoDom
Compositional Best-Effort Synthesizer,./3/114.ltlf,true.ltlf,Agent,0.175,0.987,0.333,0.043,0.035,1.573,Coop,NoDom
Compositional Best-Effort Synthesizer,./3/115.ltlf,true.ltlf,Agent,0.071,0.008,0.006,0.001,0.006,0.092,Coop,NoDom
Compositional Best-Effort Synthesizer,./3/116.ltlf,true.ltlf,Agent,0.038,0,0,0,0,0.038,Coop,NoDom
Compositional Best-Effort Synthesizer,./3/117.ltlf,true.ltlf,Agent,0.06,0,0.001,0,0,0.061,Unr,Dom
Compositional Best-Effort Synthesizer,./3/118.ltlf,true.ltlf,Agent,0.045,0.004,0.002,0,0.001,0.052,Coop,NoDom
Compositional Best-Effort Synthesizer,./3/119.ltlf,true.ltlf,Agent,0.041,0.001,0.001,0,0,0.043,Coop,NoDom
Compositional Best-Effort Synthesizer,./3/120.ltlf,true.ltlf,Agent,0.049,0,0,0,0,0.049,Unr,Dom
Compositional Best-Effort Synthesizer,./3/121.ltlf,true.ltlf,Agent,0.64,3.781,26.554,15.314,1.067,47.356,Coop,NoDom
Compositional Best-Effort Synthesizer,./3/122.ltlf,true.ltlf,Agent,0.138,0.226,0.079,0.012,0.033,0.488,Coop,NoDom
Compositional Best-Effort Synthesizer,./3/123.ltlf,true.ltlf,Agent,0.07,0.051,0.003,0,0,0.124,Adv,Dom
Compositional Best-Effort Synthesizer,./3/124.ltlf,true.ltlf,Agent,0.076,0.055,0.006,0.002,0.003,0.142,Coop,NoDom
Compositional Best-Effort Synthesizer,./3/125.ltlf,true.ltlf,Agent,0.055,0.043,0.052,0.008,0.007,0.165,Coop,NoDom
Compositional Best-Effort Synthesizer,./3/126.ltlf,true.ltlf,Agent,0.068,0,0,0,0,0.068,Unr,Dom
Compositional Best-Effort Synthesizer,./3/127.ltlf,true.ltlf,Agent,0.086,0.39,0.211,0.034,0.148,0.869,Coop,NoDom
Compositional Best-Effort Synthesizer,./3/128.ltlf,true.ltlf,Agent,0.173,0.177,0.398,0.04,0.477,1.265,Coop,NoDom
Compositional Best-Effort Synthesizer,./3/129.ltlf,true.ltlf,Agent,0.153,0,0,0,0,0.153,Unr,Dom
Compositional Best-Effort Synthesizer,./3/130.ltlf,true.ltlf,Agent,0.136,0.338,0.604,0.033,0.003,1.114,Coop,NoDom
Compositional Best-Effort Synthesizer,./3/131.ltlf,true.ltlf,Agent,0.133,0.001,0,0,0.001,0.135,Coop,NoDom
Compositional Best-Effort Synthesizer,./3/133.ltlf,true.ltlf,Agent,0.943,4.873,0.415,0.12,0.273,6.624,Coop,NoDom
Compositional Best-Effort Synthesizer,./3/135.ltlf,true.ltlf,Agent,0.073,0,0,0,0,0.073,Unr,Dom
Compositional Best-Effort Synthesizer,./3/136.ltlf,true.ltlf,Agent,0.133,0.054,0.011,0,0.007,0.205,Coop,NoDom
Compositional Best-Effort Synthesizer,./3/137.ltlf,true.ltlf,Agent,0.022,0.002,0,0,0,0.024,Coop,NoDom
Compositional Best-Effort Synthesizer,./3/138.ltlf,true.ltlf,Agent,0.093,0,0,0,0,0.093,Unr,Dom
Compositional Best-Effort Synthesizer,./3/139.ltlf,true.ltlf,Agent,0.161,0,0,0,0.002,0.163,Coop,NoDom
Compositional Best-Effort Synthesizer,./3/140.ltlf,true.ltlf,Agent,0.039,0.003,0,0,0,0.042,Coop,NoDom
Compositional Best-Effort Synthesizer,./3/141.ltlf,true.ltlf,Agent,0.146,0.269,0.399,0.022,0.125,0.961,Coop,NoDom
Compositional Best-Effort Synthesizer,./3/142.ltlf,true.ltlf,Agent,0.074,0.015,0.033,0.004,0.038,0.164,Coop,NoDom
Compositional Best-Effort Synthesizer,./3/144.ltlf,true.ltlf,Agent,0.281,0.551,0.228,0.012,0.028,1.1,Coop,NoDom
Compositional Best-Effort Synthesizer,./3/145.ltlf,true.ltlf,Agent,0.051,0.011,0.007,0.001,0.002,0.072,Coop,NoDom
Compositional Best-Effort Synthesizer,./3/146.ltlf,true.ltlf,Agent,0.627,10.532,2.126,0.153,0.137,13.575,Coop,NoDom
Compositional Best-Effort Synthesizer,./3/147.ltlf,true.ltlf,Agent,0.152,0.013,0.015,0.003,0.005,0.188,Coop,NoDom
Compositional Best-Effort Synthesizer,./3/148.ltlf,true.ltlf,Agent,0.057,0.013,0.006,0,0.001,0.077,Coop,NoDom
Compositional Best-Effort Synthesizer,./3/149.ltlf,true.ltlf,Agent,12.619,49.258,149.833,65.178,5.637,282.525,Coop,NoDom
Compositional Best-Effort Synthesizer,./3/150.ltlf,true.ltlf,Agent,0.199,0,0,0,0,0.199,Adv,Dom
Compositional Best-Effort Synthesizer,./3/151.ltlf,true.ltlf,Agent,0.087,0.004,0.001,0.001,0.003,0.096,Coop,NoDom
Compositional Best-Effort Synthesizer,./3/152.ltlf,true.ltlf,Agent,0.065,0.004,0,0,0,0.069,Adv,Dom
Compositional Best-Effort Synthesizer,./3/153.ltlf,true.ltlf,Agent,0.028,0.047,0.117,0.011,0,0.203,Coop,NoDom
Compositional Best-Effort Synthesizer,./3/154.ltlf,true.ltlf,Agent,0.09,0.069,0.037,0.01,0.028,0.234,Coop,NoDom
Compositional Best-Effort Synthesizer,./3/155.ltlf,true.ltlf,Agent,1.508,23.197,17.749,7.375,0.306,50.135,Coop,NoDom
Compositional Best-Effort Synthesizer,./3/156.ltlf,true.ltlf,Agent,0.112,0.002,0,0,0,0.114,Coop,NoDom
Compositional Best-Effort Synthesizer,./3/157.ltlf,true.ltlf,Agent,0.113,0.29,0.44,0.042,0.268,1.153,Coop,NoDom
Compositional Best-Effort Synthesizer,./3/158.ltlf,true.ltlf,Agent,0.108,0.571,0.014,0.002,0,0.695,Adv,Dom
Compositional Best-Effort Synthesizer,./3/159.ltlf,true.ltlf,Agent,0.055,0.002,0,0,0.001,0.058,Coop,NoDom
Compositional Best-Effort Synthesizer,./3/160.ltlf,true.ltlf,Agent,0.139,0,0,0,0,0.139,Unr,Dom
Compositional Best-Effort Synthesizer,./3/161.ltlf,true.ltlf,Agent,0.074,0,0,0,0,0.074,Adv,Dom
Compositional Best-Effort Synthesizer,./3/162.ltlf,true.ltlf,Agent,0.034,0,0,0,0,0.034,Unr,Dom
Compositional Best-Effort Synthesizer,./3/163.ltlf,true.ltlf,Agent,0.034,0.003,0.002,0,0,0.039,Coop,NoDom
Compositional Best-Effort Synthesizer,./3/164.ltlf,true.ltlf,Agent,0.128,0.06,0.031,0.003,0.017,0.239,Coop,NoDom
Compositional Best-Effort Synthesizer,./3/165.ltlf,true.ltlf,Agent,0.04,0,0,0,0,0.04,Unr,Dom
Compositional Best-Effort Synthesizer,./3/168.ltlf,true.ltlf,Agent,0.062,0,0,0,0,0.062,Unr,Dom
Compositional Best-Effort Synthesizer,./3/170.ltlf,true.ltlf,Agent,0.665,19.738,1.758,0.129,0.253,22.543,Coop,NoDom
Compositional Best-Effort Synthesizer,./3/171.ltlf,true.ltlf,Agent,0.151,0.003,0.002,0.001,0.004,0.161,Coop,NoDom
Compositional Best-Effort Synthesizer,./3/172.ltlf,true.ltlf,Agent,0.396,16.208,21.545,12.205,1.108,51.462,Coop,NoDom
Compositional Best-Effort Synthesizer,./3/173.ltlf,true.ltlf,Agent,0.133,0,0,0,0,0.133,Unr,Dom
Compositional Best-Effort Synthesizer,./3/175.ltlf,true.ltlf,Agent,0.21,1.154,3.666,0.286,0.271,5.587,Coop,NoDom
Compositional Best-Effort Synthesizer,./3/177.ltlf,true.ltlf,Agent,0.106,0.052,0.049,0.005,0.007,0.219,Coop,NoDom
Compositional Best-Effort Synthesizer,./3/178.ltlf,true.ltlf,Agent,0.087,0,0,0,0,0.087,Unr,Dom
Compositional Best-Effort Synthesizer,./3/180.ltlf,true.ltlf,Agent,0.557,3.406,0.469,0.1,0,4.532,Adv,Dom
Compositional Best-Effort Synthesizer,./3/181.ltlf,true.ltlf,Agent,0.091,0,0,0,0,0.091,Coop,NoDom
Compositional Best-Effort Synthesizer,./3/182.ltlf,true.ltlf,Agent,0.052,0.25,0.09,0.006,0.009,0.407,Coop,NoDom
Compositional Best-Effort Synthesizer,./3/184.ltlf,true.ltlf,Agent,0.144,4.059,2.814,0.234,0.711,7.962,Coop,NoDom
Compositional Best-Effort Synthesizer,./3/185.ltlf,true.ltlf,Agent,0.102,0,0,0,0,0.102,Unr,Dom
Compositional Best-Effort Synthesizer,./3/186.ltlf,true.ltlf,Agent,0.228,0.392,0.012,0.004,0.006,0.642,Coop,NoDom
Compositional Best-Effort Synthesizer,./3/187.ltlf,true.ltlf,Agent,0.165,0.002,0,0,0.002,0.169,Coop,NoDom
Compositional Best-Effort Synthesizer,./3/188.ltlf,true.ltlf,Agent,0.081,0,0,0,0.001,0.082,Coop,NoDom
Compositional Best-Effort Synthesizer,./3/189.ltlf,true.ltlf,Agent,0.16,0.038,0.026,0.006,0.006,0.236,Coop,NoDom
Compositional Best-Effort Synthesizer,./3/190.ltlf,true.ltlf,Agent,0.163,0,0,0,0,0.163,Adv,Dom
Compositional Best-Effort Synthesizer,./3/191.ltlf,true.ltlf,Agent,0.092,0,0,0,0,0.092,Coop,NoDom
Compositional Best-Effort Synthesizer,./3/192.ltlf,true.ltlf,Agent,0.126,0,0,0,0,0.126,Adv,Dom
Compositional Best-Effort Synthesizer,./3/193.ltlf,true.ltlf,Agent,0.158,0,0,0,0,0.158,Unr,Dom
Compositional Best-Effort Synthesizer,./3/194.ltlf,true.ltlf,Agent,0.119,0.604,1.683,0.117,0.082,2.605,Coop,NoDom
Compositional Best-Effort Synthesizer,./3/195.ltlf,true.ltlf,Agent,0.095,0,0,0,0,0.095,Unr,Dom
Compositional Best-Effort Synthesizer,./3/196.ltlf,true.ltlf,Agent,0.111,0.002,0.001,0,0.001,0.115,Coop,NoDom
Compositional Best-Effort Synthesizer,./3/197.ltlf,true.ltlf,Agent,0.095,0,0,0,0.002,0.097,Coop,NoDom
Compositional Best-Effort Synthesizer,./3/198.ltlf,true.ltlf,Agent,0.119,0.218,0.018,0.002,0.02,0.377,Coop,NoDom
Compositional Best-Effort Synthesizer,./3/199.ltlf,true.ltlf,Agent,0.054,0.003,0.001,0,0,0.058,Coop,NoDom
Compositional Best-Effort Synthesizer,./3/200.ltlf,true.ltlf,Agent,0.093,0.211,0.019,0.001,0.006,0.33,Coop,NoDom
Compositional Best-Effort Synthesizer,./4/001.ltlf,true.ltlf,Agent,0.055,0.079,0.105,0.008,0.187,0.434,Coop,NoDom
Compositional Best-Effort Synthesizer,./4/002.ltlf,true.ltlf,Agent,0.072,0,0,0,0,0.072,Unr,Dom
Compositional Best-Effort Synthesizer,./4/003.ltlf,true.ltlf,Agent,0.104,0.031,0.005,0,0,0.14,Adv,Dom
Compositional Best-Effort Synthesizer,./4/004.ltlf,true.ltlf,Agent,0.077,0,0,0,0,0.077,Unr,Dom
Compositional Best-Effort Synthesizer,./4/005.ltlf,true.ltlf,Agent,0.776,3.511,1.347,0.062,0.396,6.092,Coop,NoDom
Compositional Best-Effort Synthesizer,./4/006.ltlf,true.ltlf,Agent,0.149,0,0,0,0.01,0.159,Coop,NoDom
Compositional Best-Effort Synthesizer,./4/007.ltlf,true.ltlf,Agent,0.047,0.014,0.01,0.002,0.004,0.077,Coop,NoDom
Compositional Best-Effort Synthesizer,./4/008.ltlf,true.ltlf,Agent,0.103,0.21,0.549,0.036,0.031,0.929,Coop,NoDom
Compositional Best-Effort Synthesizer,./4/009.ltlf,true.ltlf,Agent,0.259,0.263,0.165,0.052,0.12,0.859,Coop,NoDom
Compositional Best-Effort Synthesizer,./4/010.ltlf,true.ltlf,Agent,2.294,58.558,109.559,37.182,0.84,208.433,Coop,NoDom
Compositional Best-Effort Synthesizer,./4/011.ltlf,true.ltlf,Agent,0.153,0.023,0.031,0.018,0.027,0.252,Coop,NoDom
Compositional Best-Effort Synthesizer,./4/013.ltlf,true.ltlf,Agent,0.074,0,0,0,0,0.074,Unr,Dom
Compositional Best-Effort Synthesizer,./4/014.ltlf,true.ltlf,Agent,0.125,0.72,0.614,0.087,0.048,1.594,Coop,NoDom
Compositional Best-Effort Synthesizer,./4/015.ltlf,true.ltlf,Agent,0.203,0.457,5.001,0.407,0.029,6.097,Coop,NoDom
Compositional Best-Effort Synthesizer,./4/017.ltlf,true.ltlf,Agent,0.064,0.001,0,0,0,0.065,Coop,NoDom
Compositional Best-Effort Synthesizer,./4/018.ltlf,true.ltlf,Agent,0.4,6.697,8.209,3.591,0.159,19.056,Coop,NoDom
Compositional Best-Effort Synthesizer,./4/019.ltlf,true.ltlf,Agent,0.14,0.32,0.099,0.008,0.021,0.588,Coop,NoDom
Compositional Best-Effort Synthesizer,./4/020.ltlf,true.ltlf,Agent,0.116,0.003,0,0,0.001,0.12,Coop,NoDom
Compositional Best-Effort Synthesizer,./4/022.ltlf,true.ltlf,Agent,0.094,0,0,0,0,0.094,Unr,Dom
Compositional Best-Effort Synthesizer,./4/023.ltlf,true.ltlf,Agent,0.118,0,0,0,0,0.118,Unr,Dom
Compositional Best-Effort Synthesizer,./4/024.ltlf,true.ltlf,Agent,0.031,0.042,0.008,0.003,0.003,0.087,Coop,NoDom
Compositional Best-Effort Synthesizer,./4/025.ltlf,true.ltlf,Agent,0.088,0.319,0.282,0.013,0.8,1.502,Coop,NoDom
Compositional Best-Effort Synthesizer,./4/026.ltlf,true.ltlf,Agent,0.079,0,0,0,0,0.079,Unr,Dom
Compositional Best-Effort Synthesizer,./4/027.ltlf,true.ltlf,Agent,0.043,0,0,0,0,0.043,Unr,Dom
Compositional Best-Effort Synthesizer,./4/028.ltlf,true.ltlf,Agent,0.054,0.014,0.008,0.002,0.004,0.082,Coop,NoDom
Compositional Best-Effort Synthesizer,./4/029.ltlf,true.ltlf,Agent,0.157,0,0,0,0.005,0.162,Coop,NoDom
Compositional Best-Effort Synthesizer,./4/030.ltlf,true.ltlf,Agent,0.055,0.008,0.002,0.003,0.002,0.07,Coop,NoDom
Compositional Best-Effort Synthesizer,./4/032.ltlf,true.ltlf,Agent,0.08,0.088,0.194,0.012,0.015,0.389,Coop,NoDom
Compositional Best-Effort Synthesizer,./4/033.ltlf,true.ltlf,Agent,0.311,2.671,2.609,0.144,0.067,5.802,Coop,NoDom
Compositional Best-Effort Synthesizer,./4/034.ltlf,true.ltlf,Agent,0.08,0,0,0,0,0.08,Unr,Dom
Compositional Best-Effort Synthesizer,./4/036.ltlf,true.ltlf,Agent,0.122,0.257,0.268,0.02,0.048,0.715,Coop,NoDom
Compositional Best-Effort Synthesizer,./4/037.ltlf,true.ltlf,Agent,0.142,0.047,0.012,0.007,0.004,0.212,Coop,NoDom
Compositional Best-Effort Synthesizer,./4/038.ltlf,true.ltlf,Agent,0.35,2.866,27.019,17.077,0.388,47.7,Coop,NoDom
Compositional Best-Effort Synthesizer,./4/039.ltlf,true.ltlf,Agent,0.137,0,0,0,0,0.137,Unr,Dom
Compositional Best-Effort Synthesizer,./4/041.ltlf,true.ltlf,Agent,0.129,0.444,1.066,0.067,0.023,1.729,Coop,NoDom
Compositional Best-Effort Synthesizer,./4/042.ltlf,true.ltlf,Agent,0.359,9.973,42.987,37.338,215.061,305.718,Coop,NoDom
Compositional Best-Effort Synthesizer,./4/043.ltlf,true.ltlf,Agent,0.138,0.006,0.004,0.001,0.007,0.156,Coop,NoDom
Compositional Best-Effort Synthesizer,./4/044.ltlf,true.ltlf,Agent,8.373,290.089,18.213,7.449,0.416,324.54,Coop,NoDom
Compositional Best-Effort Synthesizer,./4/046.ltlf,true.ltlf,Agent,0.147,0,0,0,0,0.147,Unr,Dom
Compositional Best-Effort Synthesizer,./4/047.ltlf,true.ltlf,Agent,0.09,0.011,0.001,0,0.003,0.105,Coop,NoDom
Compositional Best-Effort Synthesizer,./4/048.ltlf,true.ltlf,Agent,3.68,25.738,6.13,4.32,1.88,41.748,Coop,NoDom
Compositional Best-Effort Synthesizer,./4/049.ltlf,true.ltlf,Agent,0.139,0.004,0.002,0,0.011,0.156,Coop,NoDom
Compositional Best-Effort Synthesizer,./4/050.ltlf,true.ltlf,Agent,0.124,0.257,0.017,0.004,0.015,0.417,Coop,NoDom
Compositional Best-Effort Synthesizer,./4/052.ltlf,true.ltlf,Agent,0.694,12.433,107.029,52.342,31.145,203.643,Coop,NoDom
Compositional Best-Effort Synthesizer,./4/053.ltlf,true.ltlf,Agent,0.166,0.698,0.8,0.054,0.715,2.433,Coop,NoDom
Compositional Best-Effort Synthesizer,./4/054.ltlf,true.ltlf,Agent,0.109,0.006,0,0,0.001,0.116,Coop,NoDom
Compositional Best-Effort Synthesizer,./4/055.ltlf,true.ltlf,Agent,0.061,0.029,0.01,0.003,0.012,0.115,Coop,NoDom
Compositional Best-Effort Synthesizer,./4/056.ltlf,true.ltlf,Agent,0.05,0.051,0.068,0.003,0.007,0.179,Coop,NoDom
Compositional Best-Effort Synthesizer,./4/058.ltlf,true.ltlf,Agent,0.117,0,0,0,0,0.117,Unr,Dom
Compositional Best-Effort Synthesizer,./4/059.ltlf,true.ltlf,Agent,0.13,0.063,0.003,0.002,0.017,0.215,Coop,NoDom
Compositional Best-Effort Synthesizer,./4/060.ltlf,true.ltlf,Agent,0.111,0,0,0,0,0.111,Unr,Dom
Compositional Best-Effort Synthesizer,./4/061.ltlf,true.ltlf,Agent,0.094,0,0,0,0.002,0.096,Coop,NoDom
Compositional Best-Effort Synthesizer,./4/062.ltlf,true.ltlf,Agent,13.511,222.572,136.788,66.068,1.714,440.653,Coop,NoDom
Compositional Best-Effort Synthesizer,./4/063.ltlf,true.ltlf,Agent,0.144,0.005,0.001,0.001,0.005,0.156,Coop,NoDom
Compositional Best-Effort Synthesizer,./4/064.ltlf,true.ltlf,Agent,0.089,0,0,0,0,0.089,Unr,Dom
Compositional Best-Effort Synthesizer,./4/065.ltlf,true.ltlf,Agent,0.152,0,0,0,0.021,0.173,Coop,NoDom
Compositional Best-Effort Synthesizer,./4/066.ltlf,true.ltlf,Agent,0.13,0.015,0.035,0.002,0.025,0.207,Coop,NoDom
Compositional Best-Effort Synthesizer,./4/068.ltlf,true.ltlf,Agent,0.096,0.01,0.002,0,0.003,0.111,Coop,NoDom
Compositional Best-Effort Synthesizer,./4/069.ltlf,true.ltlf,Agent,0.066,0.001,0,0,0.001,0.068,Coop,NoDom
Compositional Best-Effort Synthesizer,./4/072.ltlf,true.ltlf,Agent,0.129,0,0,0,0,0.129,Unr,Dom
Compositional Best-Effort Synthesizer,./4/073.ltlf,true.ltlf,Agent,0.039,0.02,0.016,0.003,0.044,0.122,Coop,NoDom
Compositional Best-Effort Synthesizer,./4/074.ltlf,true.ltlf,Agent,0.148,0.004,0.003,0,0.022,0.177,Coop,NoDom
Compositional Best-Effort Synthesizer,./4/075.ltlf,true.ltlf,Agent,0.125,0.007,0,0,0.006,0.138,Coop,NoDom
Compositional Best-Effort Synthesizer,./4/076.ltlf,true.ltlf,Agent,0.128,0,0,0,0,0.128,Unr,Dom
Compositional Best-Effort Synthesizer,./4/077.ltlf,true.ltlf,Agent,0.038,0.021,0.002,0.001,0.001,0.063,Coop,NoDom
Compositional Best-Effort Synthesizer,./4/078.ltlf,true.ltlf,Agent,0.137,0,0,0,0.005,0.142,Coop,NoDom
Compositional Best-Effort Synthesizer,./4/079.ltlf,true.ltlf,Agent,0.109,0.049,0.009,0.004,0.007,0.178,Coop,NoDom
Compositional Best-Effort Synthesizer,./4/080.ltlf,true.ltlf,Agent,0.974,3.695,0.409,0.029,0.084,5.191,Coop,NoDom
Compositional Best-Effort Synthesizer,./4/081.ltlf,true.ltlf,Agent,0.044,0.126,0.429,0.039,0.123,0.761,Coop,NoDom
Compositional Best-Effort Synthesizer,./4/082.ltlf,true.ltlf,Agent,0.065,0.026,0.042,0.002,0.005,0.14,Coop,NoDom
Compositional Best-Effort Synthesizer,./4/083.ltlf,true.ltlf,Agent,0.073,0,0,0,0,0.073,Coop,NoDom
Compositional Best-Effort Synthesizer,./4/085.ltlf,true.ltlf,Agent,0.106,0.001,0.001,0,0.006,0.114,Coop,NoDom
Compositional Best-Effort Synthesizer,./4/088.ltlf,true.ltlf,Agent,0.09,0,0,0,0,0.09,Unr,Dom
Compositional Best-Effort Synthesizer,./4/089.ltlf,true.ltlf,Agent,0.064,0.005,0.001,0,0.004,0.074,Coop,NoDom
Compositional Best-Effort Synthesizer,./4/090.ltlf,true.ltlf,Agent,0.078,0.163,0.54,0.039,0.028,0.848,Coop,NoDom
Compositional Best-Effort Synthesizer,./4/094.ltlf,true.ltlf,Agent,0.102,0.009,0.003,0.001,0.006,0.121,Coop,NoDom
Compositional Best-Effort Synthesizer,./4/095.ltlf,true.ltlf,Agent,2.645,13.497,21.875,9.907,10.444,58.368,Coop,NoDom
Compositional Best-Effort Synthesizer,./4/096.ltlf,true.ltlf,Agent,0.577,5.519,48.573,23.119,0.72,78.508,Coop,NoDom
Compositional Best-Effort Synthesizer,./4/097.ltlf,true.ltlf,Agent,0.132,0.001,0,0,0.005,0.138,Coop,NoDom
Compositional Best-Effort Synthesizer,./4/098.ltlf,true.ltlf,Agent,0.025,0.016,0.003,0,0,0.044,Adv,Dom
Compositional Best-Effort Synthesizer,./4/099.ltlf,true.ltlf,Agent,0.045,0.184,0.282,0.025,0.02,0.556,Coop,NoDom
Compositional Best-Effort Synthesizer,./4/100.ltlf,true.ltlf,Agent,0.103,0.049,0.014,0.004,0.018,0.188,Coop,NoDom
Compositional Best-Effort Synthesizer,./4/102.ltlf,true.ltlf,Agent,0.104,0.01,0.003,0,0.013,0.13,Coop,NoDom
Compositional Best-Effort Synthesizer,./4/103.ltlf,true.ltlf,Agent,0.071,0.001,0,0,0.001,0.073,Coop,NoDom
Compositional Best-Effort Synthesizer,./4/104.ltlf,true.ltlf,Agent,0.098,0.01,0.002,0.001,0.005,0.116,Coop,NoDom
Compositional Best-Effort Synthesizer,./4/105.ltlf,true.ltlf,Agent,0.072,0.04,0.041,0.002,0.003,0.158,Coop,NoDom
Compositional Best-Effort Synthesizer,./4/107.ltlf,true.ltlf,Agent,0.147,0.001,0,0,0,0.148,Adv,Dom
Compositional Best-Effort Synthesizer,./4/108.ltlf,true.ltlf,Agent,0.079,0.11,0.294,0.031,0.303,0.817,Coop,NoDom
Compositional Best-Effort Synthesizer,./4/109.ltlf,true.ltlf,Agent,0.133,0.004,0.005,0.002,0.016,0.16,Coop,NoDom
Compositional Best-Effort Synthesizer,./4/110.ltlf,true.ltlf,Agent,1.005,5.756,2.693,0.126,2.836,12.416,Coop,NoDom
Compositional Best-Effort Synthesizer,./4/111.ltlf,true.ltlf,Agent,0.103,0,0,0,0,0.103,Unr,Dom
Compositional Best-Effort Synthesizer,./4/112.ltlf,true.ltlf,Agent,0.172,0.001,0,0,0.01,0.183,Coop,NoDom
Compositional Best-Effort Synthesizer,./4/114.ltlf,true.ltlf,Agent,0.169,0,0,0,0.01,0.179,Coop,NoDom
Compositional Best-Effort Synthesizer,./4/115.ltlf,true.ltlf,Agent,0.122,0.009,0.004,0.001,0.011,0.147,Coop,NoDom
Compositional Best-Effort Synthesizer,./4/116.ltlf,true.ltlf,Agent,0.064,0.045,0.025,0.005,0,0.139,Adv,Dom
Compositional Best-Effort Synthesizer,./4/117.ltlf,true.ltlf,Agent,0.152,0.008,0.003,0.001,0.014,0.178,Coop,NoDom
Compositional Best-Effort Synthesizer,./4/118.ltlf,true.ltlf,Agent,0.041,0.014,0.005,0,0.002,0.062,Coop,NoDom
Compositional Best-Effort Synthesizer,./4/119.ltlf,true.ltlf,Agent,0.118,0,0,0,0,0.118,Unr,Dom
Compositional Best-Effort Synthesizer,./4/120.ltlf,true.ltlf,Agent,0.112,0.001,0,0,0,0.113,Adv,Dom
Compositional Best-Effort Synthesizer,./4/122.ltlf,true.ltlf,Agent,0.061,0,0,0,0,0.061,Unr,Dom
Compositional Best-Effort Synthesizer,./4/123.ltlf,true.ltlf,Agent,0.108,0.056,0.037,0.005,0.024,0.23,Coop,NoDom
Compositional Best-Effort Synthesizer,./4/125.ltlf,true.ltlf,Agent,0.761,0.175,0.97,0.131,0.635,2.672,Coop,NoDom
Compositional Best-Effort Synthesizer,./4/127.ltlf,true.ltlf,Agent,0.107,0.67,0.652,0.054,0.118,1.601,Coop,NoDom
Compositional Best-Effort Synthesizer,./4/128.ltlf,true.ltlf,Agent,0.106,0,0,0,0.005,0.111,Coop,NoDom
Compositional Best-Effort Synthesizer,./4/129.ltlf,true.ltlf,Agent,0.142,0,0,0,0.021,0.163,Coop,NoDom
Compositional Best-Effort Synthesizer,./4/130.ltlf,true.ltlf,Agent,0.136,0,0,0,0,0.136,Unr,Dom
Compositional Best-Effort Synthesizer,./4/133.ltlf,true.ltlf,Agent,0.057,0,0,0,0,0.057,Unr,Dom
Compositional Best-Effort Synthesizer,./4/134.ltlf,true.ltlf,Agent,0.137,0.167,0.211,0.019,0.227,0.761,Coop,NoDom
Compositional Best-Effort Synthesizer,./4/135.ltlf,true.ltlf,Agent,0.1,0.197,0.513,0.039,0.702,1.551,Coop,NoDom
Compositional Best-Effort Synthesizer,./4/136.ltlf,true.ltlf,Agent,0.077,0.02,0.014,0.004,0.008,0.123,Coop,NoDom
Compositional Best-Effort Synthesizer,./4/137.ltlf,true.ltlf,Agent,0.117,0,0,0,0,0.117,Adv,Dom
Compositional Best-Effort Synthesizer,./4/138.ltlf,true.ltlf,Agent,1.083,5.464,1.358,0.292,1.146,9.343,Coop,NoDom
Compositional Best-Effort Synthesizer,./4/139.ltlf,true.ltlf,Agent,0.105,0,0,0,0.005,0.11,Coop,NoDom
Compositional Best-Effort Synthesizer,./4/140.ltlf,true.ltlf,Agent,0.15,0,0,0,0.021,0.171,Coop,NoDom
Compositional Best-Effort Synthesizer,./4/141.ltlf,true.ltlf,Agent,0.175,0,0,0,0.01,0.185,Coop,NoDom
Compositional Best-Effort Synthesizer,./4/142.ltlf,true.ltlf,Agent,5.684,286.815,89.84,85.596,5.954,473.889,Coop,NoDom
Compositional Best-Effort Synthesizer,./4/143.ltlf,true.ltlf,Agent,0.139,0.002,0.001,0,0.022,0.164,Coop,NoDom
Compositional Best-Effort Synthesizer,./4/144.ltlf,true.ltlf,Agent,0.061,0,0,0,0,0.061,Unr,Dom
Compositional Best-Effort Synthesizer,./4/145.ltlf,true.ltlf,Agent,0.092,0.025,0.026,0.003,0,0.146,Adv,Dom
Compositional Best-Effort Synthesizer,./4/147.ltlf,true.ltlf,Agent,0.059,0.606,0.127,0.029,0.091,0.912,Coop,NoDom
Compositional Best-Effort Synthesizer,./4/149.ltlf,true.ltlf,Agent,0.651,5.34,37.797,16.466,0.028,60.282,Coop,NoDom
Compositional Best-Effort Synthesizer,./4/151.ltlf,true.ltlf,Agent,0.056,0,0,0,0,0.056,Unr,Dom
Compositional Best-Effort Synthesizer,./4/152.ltlf,true.ltlf,Agent,0.099,0.084,0.196,0.017,0.016,0.412,Coop,NoDom
Compositional Best-Effort Synthesizer,./4/154.ltlf,true.ltlf,Agent,0.076,0.019,0.023,0.003,0.005,0.126,Coop,NoDom
Compositional Best-Effort Synthesizer,./4/155.ltlf,true.ltlf,Agent,0.047,0,0,0,0,0.047,Unr,Dom
Compositional Best-Effort Synthesizer,./4/156.ltlf,true.ltlf,Agent,0.112,0.034,0.054,0.007,0.027,0.234,Coop,NoDom
Compositional Best-Effort Synthesizer,./4/157.ltlf,true.ltlf,Agent,0.2,2.564,17.589,8.311,10.522,39.186,Coop,NoDom
Compositional Best-Effort Synthesizer,./4/158.ltlf,true.ltlf,Agent,1.238,12.794,118.037,57.096,0.856,190.021,Coop,NoDom
Compositional Best-Effort Synthesizer,./4/159.ltlf,true.ltlf,Agent,0.127,0,0,0,0,0.127,Unr,Dom
Compositional Best-Effort Synthesizer,./4/160.ltlf,true.ltlf,Agent,0.086,0,0,0,0,0.086,Unr,Dom
Compositional Best-Effort Synthesizer,./4/161.ltlf,true.ltlf,Agent,0.121,0.002,0.001,0,0.012,0.136,Coop,NoDom
Compositional Best-Effort Synthesizer,./4/162.ltlf,true.ltlf,Agent,0.055,0,0,0,0,0.055,Unr,Dom
Compositional Best-Effort Synthesizer,./4/163.ltlf,true.ltlf,Agent,0.165,0,0,0,0,0.165,Adv,Dom
Compositional Best-Effort Synthesizer,./4/164.ltlf,true.ltlf,Agent,0.09,0.077,0.062,0.009,0.035,0.273,Coop,NoDom
Compositional Best-Effort Synthesizer,./4/165.ltlf,true.ltlf,Agent,0.059,0.053,0.065,0.008,0.1,0.285,Coop,NoDom
Compositional Best-Effort Synthesizer,./4/167.ltlf,true.ltlf,Agent,0.07,0,0,0,0,0.07,Unr,Dom
Compositional Best-Effort Synthesizer,./4/168.ltlf,true.ltlf,Agent,0.867,12.686,80.331,33.506,45.001,172.391,Coop,NoDom
Compositional Best-Effort Synthesizer,./4/169.ltlf,true.ltlf,Agent,0.166,0.019,0.024,0.004,0.015,0.228,Coop,NoDom
Compositional Best-Effort Synthesizer,./4/170.ltlf,true.ltlf,Agent,0.055,0,0,0,0,0.055,Unr,Dom
Compositional Best-Effort Synthesizer,./4/171.ltlf,true.ltlf,Agent,0.056,0.008,0.003,0.002,0.001,0.07,Coop,NoDom
Compositional Best-Effort Synthesizer,./4/172.ltlf,true.ltlf,Agent,0.113,1.863,1.755,0.115,0.135,3.981,Coop,NoDom
Compositional Best-Effort Synthesizer,./4/173.ltlf,true.ltlf,Agent,0.145,0.017,0.06,0.004,0.011,0.237,Coop,NoDom
Compositional Best-Effort Synthesizer,./4/174.ltlf,true.ltlf,Agent,0.317,1.616,0.663,0.038,0.056,2.69,Coop,NoDom
Compositional Best-Effort Synthesizer,./4/175.ltlf,true.ltlf,Agent,0.15,0.13,0.167,0.015,0.051,0.513,Coop,NoDom
Compositional Best-Effort Synthesizer,./4/177.ltlf,true.ltlf,Agent,0.703,4.677,14.081,7.208,0.304,26.973,Coop,NoDom
Compositional Best-Effort Synthesizer,./4/178.ltlf,true.ltlf,Agent,0.126,0.036,0.059,0.004,0.004,0.229,Coop,NoDom
Compositional Best-Effort Synthesizer,./4/179.ltlf,true.ltlf,Agent,0.194,0.581,2.381,0.164,0.007,3.327,Coop,NoDom
Compositional Best-Effort Synthesizer,./4/181.ltlf,true.ltlf,Agent,0.109,0.022,0.029,0.002,0.007,0.169,Coop,NoDom
Compositional Best-Effort Synthesizer,./4/182.ltlf,true.ltlf,Agent,0.214,0.389,0.229,0.013,0.031,0.876,Coop,NoDom
Compositional Best-Effort Synthesizer,./4/183.ltlf,true.ltlf,Agent,0.107,0.002,0.001,0,0.001,0.111,Coop,NoDom
Compositional Best-Effort Synthesizer,./4/185.ltlf,true.ltlf,Agent,0.072,0.002,0,0,0.004,0.078,Coop,NoDom
Compositional Best-Effort Synthesizer,./4/186.ltlf,true.ltlf,Agent,0.386,1.944,4.431,0.325,0.159,7.245,Coop,NoDom
Compositional Best-Effort Synthesizer,./4/187.ltlf,true.ltlf,Agent,0.208,1.604,5.163,0.358,2.045,9.378,Coop,NoDom
Compositional Best-Effort Synthesizer,./4/189.ltlf,true.ltlf,Agent,0.191,0,0,0,0.021,0.212,Coop,NoDom
Compositional Best-Effort Synthesizer,./4/190.ltlf,true.ltlf,Agent,0.072,0.003,0.001,0,0.003,0.079,Coop,NoDom
Compositional Best-Effort Synthesizer,./4/192.ltlf,true.ltlf,Agent,0.109,0,0,0,0,0.109,Adv,Dom
Compositional Best-Effort Synthesizer,./4/193.ltlf,true.ltlf,Agent,1.281,16.414,226.585,112.28,151.916,508.476,Coop,NoDom
Compositional Best-Effort Synthesizer,./4/194.ltlf,true.ltlf,Agent,0.131,0,0,0,0,0.131,Coop,NoDom
Compositional Best-Effort Synthesizer,./4/195.ltlf,true.ltlf,Agent,0.251,1.368,14.858,9.386,0.233,26.096,Coop,NoDom
Compositional Best-Effort Synthesizer,./4/196.ltlf,true.ltlf,Agent,0.159,0,0,0,0.01,0.169,Coop,NoDom
Compositional Best-Effort Synthesizer,./4/198.ltlf,true.ltlf,Agent,0.064,0.063,0.259,0.018,0.016,0.42,Coop,NoDom
Compositional Best-Effort Synthesizer,./4/200.ltlf,true.ltlf,Agent,0.106,0,0,0,0,0.106,Unr,Dom
Compositional Best-Effort Synthesizer,./5/001.ltlf,true.ltlf,Agent,0.091,0.054,0.067,0.011,0.078,0.301,Coop,NoDom
Compositional Best-Effort Synthesizer,./5/002.ltlf,true.ltlf,Agent,0.133,0.001,0,0,0.011,0.145,Coop,NoDom
Compositional Best-Effort Synthesizer,./5/004.ltlf,true.ltlf,Agent,0.326,2.053,4.697,0.753,0.119,7.948,Coop,NoDom
Compositional Best-Effort Synthesizer,./5/005.ltlf,true.ltlf,Agent,5.023,59.543,142.864,69.636,1.133,278.199,Coop,NoDom
Compositional Best-Effort Synthesizer,./5/007.ltlf,true.ltlf,Agent,0.089,0,0,0,0,0.089,Unr,Dom
Compositional Best-Effort Synthesizer,./5/008.ltlf,true.ltlf,Agent,0.325,2.557,2.644,0.16,0.594,6.28,Coop,NoDom
Compositional Best-Effort Synthesizer,./5/013.ltlf,true.ltlf,Agent,0.068,0,0,0,0,0.068,Unr,Dom
Compositional Best-Effort Synthesizer,./5/015.ltlf,true.ltlf,Agent,0.225,1.239,18.45,8.139,0.22,28.273,Coop,NoDom
Compositional Best-Effort Synthesizer,./5/016.ltlf,true.ltlf,Agent,0.219,0.702,4.805,0.341,0.069,6.136,Coop,NoDom
Compositional Best-Effort Synthesizer,./5/017.ltlf,true.ltlf,Agent,0.526,4.303,6.347,1.705,0.649,13.53,Coop,NoDom
Compositional Best-Effort Synthesizer,./5/018.ltlf,true.ltlf,Agent,0.143,0.104,0.53,0.025,0.041,0.843,Coop,NoDom
Compositional Best-Effort Synthesizer,./5/020.ltlf,true.ltlf,Agent,0.165,0.659,0.571,0.048,0.067,1.51,Coop,NoDom
Compositional Best-Effort Synthesizer,./5/022.ltlf,true.ltlf,Agent,0.455,4.339,120.535,61.076,103.277,289.682,Coop,NoDom
Compositional Best-Effort Synthesizer,./5/023.ltlf,true.ltlf,Agent,4.016,36.602,125.109,64.713,1.129,231.569,Coop,NoDom
Compositional Best-Effort Synthesizer,./5/024.ltlf,true.ltlf,Agent,0.106,0,0,0,0,0.106,Unr,Dom
Compositional Best-Effort Synthesizer,./5/025.ltlf,true.ltlf,Agent,0.046,0.337,0.125,0.012,0.011,0.531,Coop,NoDom
Compositional Best-Effort Synthesizer,./5/029.ltlf,true.ltlf,Agent,0.074,0,0,0,0,0.074,Unr,Dom
Compositional Best-Effort Synthesizer,./5/030.ltlf,true.ltlf,Agent,0.084,0,0,0,0,0.084,Unr,Dom
Compositional Best-Effort Synthesizer,./5/031.ltlf,true.ltlf,Agent,0.102,0,0,0,0,0.102,Unr,Dom
Compositional Best-Effort Synthesizer,./5/032.ltlf,true.ltlf,Agent,0.103,0.018,0.025,0.005,0.039,0.19,Coop,NoDom
Compositional Best-Effort Synthesizer,./5/037.ltlf,true.ltlf,Agent,0.096,0.131,0.002,0.002,0.013,0.244,Coop,NoDom
Compositional Best-Effort Synthesizer,./5/039.ltlf,true.ltlf,Agent,0.048,0.201,0.302,0.022,0.158,0.731,Coop,NoDom
Compositional Best-Effort Synthesizer,./5/040.ltlf,true.ltlf,Agent,0.117,0,0,0,0,0.117,Unr,Dom
Compositional Best-Effort Synthesizer,./5/042.ltlf,true.ltlf,Agent,0.15,0.002,0.001,0,0.003,0.156,Coop,NoDom
Compositional Best-Effort Synthesizer,./5/043.ltlf,true.ltlf,Agent,0.116,0,0,0,0,0.116,Unr,Dom
Compositional Best-Effort Synthesizer,./5/044.ltlf,true.ltlf,Agent,0.053,0.078,0.255,0.018,0.014,0.418,Coop,NoDom
Compositional Best-Effort Synthesizer,./5/047.ltlf,true.ltlf,Agent,0.092,0,0,0,0,0.092,Unr,Dom
Compositional Best-Effort Synthesizer,./5/049.ltlf,true.ltlf,Agent,0.13,0.019,0.02,0.001,0.025,0.195,Coop,NoDom
Compositional Best-Effort Synthesizer,./5/050.ltlf,true.ltlf,Agent,0.521,3.841,0.867,0.089,0.233,5.551,Coop,NoDom
Compositional Best-Effort Synthesizer,./5/052.ltlf,true.ltlf,Agent,0.259,2.07,6.044,5.579,39.778,53.73,Coop,NoDom
Compositional Best-Effort Synthesizer,./5/053.ltlf,true.ltlf,Agent,0.901,23.528,64.115,41.287,16.097,145.928,Coop,NoDom
Compositional Best-Effort Synthesizer,./5/054.ltlf,true.ltlf,Agent,0.109,0,0,0,0.002,0.111,Coop,NoDom
Compositional Best-Effort Synthesizer,./5/055.ltlf,true.ltlf,Agent,0.054,0.024,0.002,0,0.005,0.085,Coop,NoDom
Compositional Best-Effort Synthesizer,./5/056.ltlf,true.ltlf,Agent,0.063,0,0,0,0,0.063,Unr,Dom
Compositional Best-Effort Synthesizer,./5/057.ltlf,true.ltlf,Agent,0.126,0,0,0,0,0.126,Adv,Dom
Compositional Best-Effort Synthesizer,./5/060.ltlf,true.ltlf,Agent,1.204,9.196,476.244,212.732,1.904,701.28,Coop,NoDom
Compositional Best-Effort Synthesizer,./5/061.ltlf,true.ltlf,Agent,0.765,20.324,0.522,0.055,0.143,21.809,Coop,NoDom
Compositional Best-Effort Synthesizer,./5/062.ltlf,true.ltlf,Agent,0.099,0.12,0.135,0.01,0.209,0.573,Coop,NoDom
Compositional Best-Effort Synthesizer,./5/063.ltlf,true.ltlf,Agent,0.15,0,0,0,0,0.15,Unr,Dom
Compositional Best-Effort Synthesizer,./5/064.ltlf,true.ltlf,Agent,3.734,18.992,75.027,29.686,128.35,255.789,Coop,NoDom
Compositional Best-Effort Synthesizer,./5/068.ltlf,true.ltlf,Agent,0.137,0.003,0.001,0,0,0.141,Adv,Dom
Compositional Best-Effort Synthesizer,./5/070.ltlf,true.ltlf,Agent,0.11,0.01,0.006,0,0.007,0.133,Coop,NoDom
Compositional Best-Effort Synthesizer,./5/072.ltlf,true.ltlf,Agent,0.067,0,0,0,0,0.067,Unr,Dom
Compositional Best-Effort Synthesizer,./5/073.ltlf,true.ltlf,Agent,0.298,2.748,1.075,0.148,2.667,6.936,Coop,NoDom
Compositional Best-Effort Synthesizer,./5/074.ltlf,true.ltlf,Agent,0.781,8.341,81.884,70.043,1.606,162.655,Coop,NoDom
Compositional Best-Effort Synthesizer,./5/075.ltlf,true.ltlf,Agent,0.081,0,0,0,0,0.081,Unr,Dom
Compositional Best-Effort Synthesizer,./5/076.ltlf,true.ltlf,Agent,0.103,0.058,0.057,0.034,0.066,0.318,Coop,NoDom
Compositional Best-Effort Synthesizer,./5/078.ltlf,true.ltlf,Agent,0.099,0,0,0,0,0.099,Unr,Dom
Compositional Best-Effort Synthesizer,./5/080.ltlf,true.ltlf,Agent,0.07,0,0,0,0,0.07,Unr,Dom
Compositional Best-Effort Synthesizer,./5/081.ltlf,true.ltlf,Agent,0.106,0.011,0.009,0.009,0.016,0.151,Coop,NoDom
Compositional Best-Effort Synthesizer,./5/082.ltlf,true.ltlf,Agent,0.11,0,0,0,0,0.11,Unr,Dom
Compositional Best-Effort Synthesizer,./5/084.ltlf,true.ltlf,Agent,0.116,0.039,0.012,0.002,0.019,0.188,Coop,NoDom
Compositional Best-Effort Synthesizer,./5/085.ltlf,true.ltlf,Agent,0.083,0,0,0,0,0.083,Unr,Dom
Compositional Best-Effort Synthesizer,./5/087.ltlf,true.ltlf,Agent,0.484,0.775,1.337,0.187,0.173,2.956,Coop,NoDom
Compositional Best-Effort Synthesizer,./5/088.ltlf,true.ltlf,Agent,0.068,0,0,0,0,0.068,Unr,Dom
Compositional Best-Effort Synthesizer,./5/089.ltlf,true.ltlf,Agent,0.402,3.13,93.201,45.341,0.396,142.47,Coop,NoDom
Compositional Best-Effort Synthesizer,./5/090.ltlf,true.ltlf,Agent,0.177,0.965,1.008,0.062,0.092,2.304,Coop,NoDom
Compositional Best-Effort Synthesizer,./5/093.ltlf,true.ltlf,Agent,0.048,0.04,0.021,0.007,0.079,0.195,Coop,NoDom
Compositional Best-Effort Synthesizer,./5/094.ltlf,true.ltlf,Agent,0.077,0.033,0.004,0.003,0.007,0.124,Coop,NoDom
Compositional Best-Effort Synthesizer,./5/095.ltlf,true.ltlf,Agent,0.096,0.019,0.035,0.018,0.029,0.197,Coop,NoDom
Compositional Best-Effort Synthesizer,./5/097.ltlf,true.ltlf,Agent,0.07,0.162,0.674,0.044,0.029,0.979,Coop,NoDom
Compositional Best-Effort Synthesizer,./5/098.ltlf,true.ltlf,Agent,0.09,0,0,0,0,0.09,Unr,Dom
Compositional Best-Effort Synthesizer,./5/100.ltlf,true.ltlf,Agent,0.234,2.175,16.597,7.199,0.212,26.417,Coop,NoDom
Compositional Best-Effort Synthesizer,./5/101.ltlf,true.ltlf,Agent,0.069,0.021,0.051,0.005,0.005,0.151,Coop,NoDom
Compositional Best-Effort Synthesizer,./5/102.ltlf,true.ltlf,Agent,2.539,26.51,466.527,392.059,18.435,906.07,Coop,NoDom
Compositional Best-Effort Synthesizer,./5/105.ltlf,true.ltlf,Agent,0.098,0,0,0,0,0.098,Unr,Dom
Compositional Best-Effort Synthesizer,./5/107.ltlf,true.ltlf,Agent,0.12,0.019,0.031,0.003,0.024,0.197,Coop,NoDom
Compositional Best-Effort Synthesizer,./5/109.ltlf,true.ltlf,Agent,1.011,9.582,7.789,7.941,1.365,27.688,Coop,NoDom
Compositional Best-Effort Synthesizer,./5/110.ltlf,true.ltlf,Agent,0.137,0.02,0.016,0.003,0.014,0.19,Coop,NoDom
Compositional Best-Effort Synthesizer,./5/111.ltlf,true.ltlf,Agent,0.078,0,0,0,0,0.078,Unr,Dom
Compositional Best-Effort Synthesizer,./5/112.ltlf,true.ltlf,Agent,0.105,0,0,0,0,0.105,Unr,Dom
Compositional Best-Effort Synthesizer,./5/113.ltlf,true.ltlf,Agent,0.119,0.004,0.002,0,0.011,0.136,Coop,NoDom
Compositional Best-Effort Synthesizer,./5/115.ltlf,true.ltlf,Agent,0.09,1.117,3.208,0.941,0.12,5.476,Coop,NoDom
Compositional Best-Effort Synthesizer,./5/117.ltlf,true.ltlf,Agent,0.098,0,0,0,0,0.098,Unr,Dom
Compositional Best-Effort Synthesizer,./5/120.ltlf,true.ltlf,Agent,0.105,0.074,0.167,0.018,0.017,0.381,Coop,NoDom
Compositional Best-Effort Synthesizer,./5/122.ltlf,true.ltlf,Agent,0.102,0,0,0,0,0.102,Unr,Dom
Compositional Best-Effort Synthesizer,./5/123.ltlf,true.ltlf,Agent,0.049,0.054,0.051,0.003,0.08,0.237,Coop,NoDom
Compositional Best-Effort Synthesizer,./5/124.ltlf,true.ltlf,Agent,0.24,2.329,0.098,0.011,0.111,2.789,Coop,NoDom
Compositional Best-Effort Synthesizer,./5/126.ltlf,true.ltlf,Agent,0.137,0.035,0.028,0.016,0.014,0.23,Coop,NoDom
Compositional Best-Effort Synthesizer,./5/127.ltlf,true.ltlf,Agent,0.09,0.107,0.148,0.011,0.034,0.39,Coop,NoDom
Compositional Best-Effort Synthesizer,./5/129.ltlf,true.ltlf,Agent,0.318,2.561,15.913,7.991,5.159,31.942,Coop,NoDom
Compositional Best-Effort Synthesizer,./5/135.ltlf,true.ltlf,Agent,0.411,0,0,0,0,0.411,Unr,Dom
Compositional Best-Effort Synthesizer,./5/137.ltlf,true.ltlf,Agent,0.125,0.007,0.003,0.001,0.012,0.148,Coop,NoDom
Compositional Best-Effort Synthesizer,./5/138.ltlf,true.ltlf,Agent,0.075,0.01,0.016,0.004,0.003,0.108,Coop,NoDom
Compositional Best-Effort Synthesizer,./5/139.ltlf,true.ltlf,Agent,0.091,0.183,0.03,0.007,0.084,0.395,Coop,NoDom
Compositional Best-Effort Synthesizer,./5/142.ltlf,true.ltlf,Agent,0.162,0.053,0.114,0.009,0.174,0.512,Coop,NoDom
Compositional Best-Effort Synthesizer,./5/144.ltlf,true.ltlf,Agent,0.033,0.037,0.023,0.003,0.004,0.1,Coop,NoDom
Compositional Best-Effort Synthesizer,./5/146.ltlf,true.ltlf,Agent,4.104,55.294,296.265,153.567,1.441,510.671,Coop,NoDom
Compositional Best-Effort Synthesizer,./5/147.ltlf,true.ltlf,Agent,0.201,1.039,0.584,0.094,0.176,2.094,Coop,NoDom
Compositional Best-Effort Synthesizer,./5/149.ltlf,true.ltlf,Agent,0.132,0.024,0.015,0.002,0.013,0.186,Coop,NoDom
Compositional Best-Effort Synthesizer,./5/150.ltlf,true.ltlf,Agent,0.094,0.028,0.079,0.05,0.014,0.265,Coop,NoDom
Compositional Best-Effort Synthesizer,./5/151.ltlf,true.ltlf,Agent,0.687,8.116,468.873,232.235,178.546,888.457,Coop,NoDom
Compositional Best-Effort Synthesizer,./5/154.ltlf,true.ltlf,Agent,0.177,0.899,0.392,0.073,0.396,1.937,Coop,NoDom
Compositional Best-Effort Synthesizer,./5/156.ltlf,true.ltlf,Agent,0.122,0.001,0,0,0.005,0.128,Coop,NoDom
Compositional Best-Effort Synthesizer,./5/158.ltlf,true.ltlf,Agent,0.11,0,0,0,0.01,0.12,Coop,NoDom
Compositional Best-Effort Synthesizer,./5/159.ltlf,true.ltlf,Agent,0.119,0,0,0,0,0.119,Unr,Dom
Compositional Best-Effort Synthesizer,./5/161.ltlf,true.ltlf,Agent,0.092,0.109,0.016,0.02,0.06,0.297,Coop,NoDom
Compositional Best-Effort Synthesizer,./5/163.ltlf,true.ltlf,Agent,0.223,1.553,1.019,0.06,1.088,3.943,Coop,NoDom
Compositional Best-Effort Synthesizer,./5/166.ltlf,true.ltlf,Agent,0.105,0.007,0.015,0.001,0.011,0.139,Coop,NoDom
Compositional Best-Effort Synthesizer,./5/167.ltlf,true.ltlf,Agent,0.118,0,0,0,0,0.118,Unr,Dom
Compositional Best-Effort Synthesizer,./5/171.ltlf,true.ltlf,Agent,0.295,3.487,0.657,0.047,0.091,4.577,Coop,NoDom
Compositional Best-Effort Synthesizer,./5/172.ltlf,true.ltlf,Agent,0.067,0,0,0,0,0.067,Unr,Dom
Compositional Best-Effort Synthesizer,./5/173.ltlf,true.ltlf,Agent,0.038,0.017,0.004,0.001,0.003,0.063,Coop,NoDom
Compositional Best-Effort Synthesizer,./5/175.ltlf,true.ltlf,Agent,0.104,0,0,0,0,0.104,Unr,Dom
Compositional Best-Effort Synthesizer,./5/176.ltlf,true.ltlf,Agent,0.071,0,0,0,0,0.071,Unr,Dom
Compositional Best-Effort Synthesizer,./5/179.ltlf,true.ltlf,Agent,2.352,46.622,392.201,191.724,114.078,746.977,Coop,NoDom
Compositional Best-Effort Synthesizer,./5/180.ltlf,true.ltlf,Agent,0.128,0,0,0,0,0.128,Unr,Dom
Compositional Best-Effort Synthesizer,./5/182.ltlf,true.ltlf,Agent,0.107,0.703,0.43,0.019,0.075,1.334,Coop,NoDom
Compositional Best-Effort Synthesizer,./5/183.ltlf,true.ltlf,Agent,0.256,0.613,0.333,0.019,0.363,1.584,Coop,NoDom
Compositional Best-Effort Synthesizer,./5/184.ltlf,true.ltlf,Agent,0.16,0.227,0.683,0.062,0.09,1.222,Coop,NoDom
Compositional Best-Effort Synthesizer,./5/185.ltlf,true.ltlf,Agent,0.084,0.027,0.033,0.012,0.011,0.167,Coop,NoDom
Compositional Best-Effort Synthesizer,./5/188.ltlf,true.ltlf,Agent,0.151,0,0,0,0,0.151,Adv,Dom
Compositional Best-Effort Synthesizer,./5/192.ltlf,true.ltlf,Agent,0.055,0.035,0.03,0.003,0.031,0.154,Coop,NoDom
Compositional Best-Effort Synthesizer,./5/194.ltlf,true.ltlf,Agent,0.074,0.019,0.016,0.003,0.03,0.142,Coop,NoDom
Compositional Best-Effort Synthesizer,./5/195.ltlf,true.ltlf,Agent,1.248,8.258,25.918,16.361,0.8,52.585,Coop,NoDom
Compositional Best-Effort Synthesizer,./5/196.ltlf,true.ltlf,Agent,0.172,0.001,0.001,0,0,0.174,Adv,Dom
Compositional Best-Effort Synthesizer,./5/197.ltlf,true.ltlf,Agent,0.069,0,0,0,0,0.069,Unr,Dom
