Symbolic-Compositional Best-Effort Synthesizer,./1/001.ltlf,true.ltlf,Agent,0.195,0,0,0,NA,0.195,Adv,Dom
Symbolic-Compositional Best-Effort Synthesizer,./1/002.ltlf,true.ltlf,Agent,0.025,0.004,0,0,NA,0.029,Adv,Dom
Symbolic-Compositional Best-Effort Synthesizer,./1/003.ltlf,true.ltlf,Agent,0.067,0,0,0,NA,0.067,Unr,Dom
Symbolic-Compositional Best-Effort Synthesizer,./1/004.ltlf,true.ltlf,Agent,0.073,0,0,0,NA,0.073,Adv,Dom
Symbolic-Compositional Best-Effort Synthesizer,./1/005.ltlf,true.ltlf,Agent,0.181,0.068,0.044,0.018,NA,0.311,Coop,NA
Symbolic-Compositional Best-Effort Synthesizer,./1/006.ltlf,true.ltlf,Agent,0.127,0,0,0,NA,0.127,Adv,Dom
Symbolic-Compositional Best-Effort Synthesizer,./1/007.ltlf,true.ltlf,Agent,0.102,0.058,0.01,0.001,NA,0.171,Adv,Dom
Symbolic-Compositional Best-Effort Synthesizer,./1/008.ltlf,true.ltlf,Agent,0.015,0.005,0,0,NA,0.02,Adv,Dom
Symbolic-Compositional Best-Effort Synthesizer,./1/009.ltlf,true.ltlf,Agent,0.062,0,0,0,NA,0.062,Adv,Dom
Symbolic-Compositional Best-Effort Synthesizer,./1/010.ltlf,true.ltlf,Agent,0.148,0,0,0,NA,0.148,Adv,Dom
Symbolic-Compositional Best-Effort Synthesizer,./1/011.ltlf,true.ltlf,Agent,0.111,0.006,0.004,0.002,NA,0.123,Coop,NA
Symbolic-Compositional Best-Effort Synthesizer,./1/012.ltlf,true.ltlf,Agent,0.128,0,0,0,NA,0.128,Adv,Dom
Symbolic-Compositional Best-Effort Synthesizer,./1/013.ltlf,true.ltlf,Agent,0.036,0.007,0,0,NA,0.043,Adv,Dom
Symbolic-Compositional Best-Effort Synthesizer,./1/014.ltlf,true.ltlf,Agent,0.14,0.01,0.002,0.002,NA,0.154,Coop,NA
Symbolic-Compositional Best-Effort Synthesizer,./1/015.ltlf,true.ltlf,Agent,0.11,0.005,0.001,0.001,NA,0.117,Coop,NA
Symbolic-Compositional Best-Effort Synthesizer,./1/016.ltlf,true.ltlf,Agent,0.196,0,0,0,NA,0.196,Unr,Dom
Symbolic-Compositional Best-Effort Synthesizer,./1/017.ltlf,true.ltlf,Agent,0.1,0.006,0.001,0.001,NA,0.108,Coop,NA
Symbolic-Compositional Best-Effort Synthesizer,./1/018.ltlf,true.ltlf,Agent,0.227,0.03,0.007,0.007,NA,0.271,Coop,NA
Symbolic-Compositional Best-Effort Synthesizer,./1/019.ltlf,true.ltlf,Agent,0.045,0.008,0,0,NA,0.053,Adv,Dom
Symbolic-Compositional Best-Effort Synthesizer,./1/020.ltlf,true.ltlf,Agent,0.2,0.011,0.004,0.003,NA,0.218,Coop,NA
Symbolic-Compositional Best-Effort Synthesizer,./1/021.ltlf,true.ltlf,Agent,0.19,0.074,0.007,0.001,NA,0.272,Adv,Dom
Symbolic-Compositional Best-Effort Synthesizer,./1/022.ltlf,true.ltlf,Agent,0.02,0.005,0,0,NA,0.025,Adv,Dom
Symbolic-Compositional Best-Effort Synthesizer,./1/023.ltlf,true.ltlf,Agent,0.18,0,0,0,NA,0.18,Unr,Dom
Symbolic-Compositional Best-Effort Synthesizer,./1/024.ltlf,true.ltlf,Agent,0.153,0.006,0.001,0,NA,0.16,Coop,NA
Symbolic-Compositional Best-Effort Synthesizer,./1/025.ltlf,true.ltlf,Agent,0.282,0.03,0.01,0,NA,0.322,Coop,NA
Symbolic-Compositional Best-Effort Synthesizer,./1/026.ltlf,true.ltlf,Agent,0.345,0,0,0,NA,0.345,Adv,Dom
Symbolic-Compositional Best-Effort Synthesizer,./1/027.ltlf,true.ltlf,Agent,0.215,0.011,0.003,0,NA,0.229,Coop,NA
Symbolic-Compositional Best-Effort Synthesizer,./1/028.ltlf,true.ltlf,Agent,0.087,0.006,0,0,NA,0.093,Coop,NA
Symbolic-Compositional Best-Effort Synthesizer,./1/029.ltlf,true.ltlf,Agent,0.317,0,0,0,NA,0.317,Adv,Dom
Symbolic-Compositional Best-Effort Synthesizer,./1/030.ltlf,true.ltlf,Agent,0.167,0,0,0,NA,0.167,Adv,Dom
Symbolic-Compositional Best-Effort Synthesizer,./1/031.ltlf,true.ltlf,Agent,0.256,0.03,0.008,0.007,NA,0.301,Coop,NA
Symbolic-Compositional Best-Effort Synthesizer,./1/032.ltlf,true.ltlf,Agent,0.17,0,0,0,NA,0.17,Adv,Dom
Symbolic-Compositional Best-Effort Synthesizer,./1/033.ltlf,true.ltlf,Agent,0.344,0,0,0,NA,0.344,Adv,Dom
Symbolic-Compositional Best-Effort Synthesizer,./1/034.ltlf,true.ltlf,Agent,0.095,0.006,0.001,0,NA,0.102,Coop,NA
Symbolic-Compositional Best-Effort Synthesizer,./1/035.ltlf,true.ltlf,Agent,0.239,0,0,0,NA,0.239,Adv,Dom
Symbolic-Compositional Best-Effort Synthesizer,./1/036.ltlf,true.ltlf,Agent,0.265,0.057,0.016,0.022,NA,0.36,Coop,NA
Symbolic-Compositional Best-Effort Synthesizer,./1/037.ltlf,true.ltlf,Agent,0.242,0,0,0,NA,0.242,Adv,Dom
Symbolic-Compositional Best-Effort Synthesizer,./1/038.ltlf,true.ltlf,Agent,0.313,0,0,0,NA,0.313,Adv,Dom
Symbolic-Compositional Best-Effort Synthesizer,./1/039.ltlf,true.ltlf,Agent,0.136,0,0,0,NA,0.136,Unr,Dom
Symbolic-Compositional Best-Effort Synthesizer,./1/040.ltlf,true.ltlf,Agent,0.106,0,0,0,NA,0.106,Adv,Dom
Symbolic-Compositional Best-Effort Synthesizer,./1/041.ltlf,true.ltlf,Agent,0.16,0.008,0.003,0,NA,0.171,Coop,NA
Symbolic-Compositional Best-Effort Synthesizer,./1/042.ltlf,true.ltlf,Agent,0.083,0.015,0.001,0,NA,0.099,Adv,Dom
Symbolic-Compositional Best-Effort Synthesizer,./1/043.ltlf,true.ltlf,Agent,0.143,0.01,0.002,0.002,NA,0.157,Coop,NA
Symbolic-Compositional Best-Effort Synthesizer,./1/044.ltlf,true.ltlf,Agent,0.256,0,0,0,NA,0.256,Adv,Dom
Symbolic-Compositional Best-Effort Synthesizer,./1/045.ltlf,true.ltlf,Agent,0.036,0.031,0.001,0,NA,0.068,Adv,Dom
Symbolic-Compositional Best-Effort Synthesizer,./1/046.ltlf,true.ltlf,Agent,0.207,0,0,0,NA,0.207,Adv,Dom
Symbolic-Compositional Best-Effort Synthesizer,./1/047.ltlf,true.ltlf,Agent,0.107,0.027,0.003,0,NA,0.137,Adv,Dom
Symbolic-Compositional Best-Effort Synthesizer,./1/048.ltlf,true.ltlf,Agent,0.111,0,0,0,NA,0.111,Adv,Dom
Symbolic-Compositional Best-Effort Synthesizer,./1/049.ltlf,true.ltlf,Agent,0.118,0.005,0.001,0,NA,0.124,Coop,NA
Symbolic-Compositional Best-Effort Synthesizer,./1/050.ltlf,true.ltlf,Agent,0.212,0,0,0,NA,0.212,Adv,Dom
Symbolic-Compositional Best-Effort Synthesizer,./1/051.ltlf,true.ltlf,Agent,0.149,0.064,0.008,0.001,NA,0.222,Adv,Dom
Symbolic-Compositional Best-Effort Synthesizer,./1/052.ltlf,true.ltlf,Agent,0.028,0.025,0.002,0,NA,0.055,Adv,Dom
Symbolic-Compositional Best-Effort Synthesizer,./1/053.ltlf,true.ltlf,Agent,0.046,0.006,0,0,NA,0.052,Adv,Dom
Symbolic-Compositional Best-Effort Synthesizer,./1/054.ltlf,true.ltlf,Agent,0.08,0.004,0,0,NA,0.084,Coop,NA
Symbolic-Compositional Best-Effort Synthesizer,./1/055.ltlf,true.ltlf,Agent,0.065,0,0,0,NA,0.065,Unr,Dom
Symbolic-Compositional Best-Effort Synthesizer,./1/056.ltlf,true.ltlf,Agent,0.048,0.004,0.001,0,NA,0.053,Coop,NA
Symbolic-Compositional Best-Effort Synthesizer,./1/057.ltlf,true.ltlf,Agent,0.137,0.018,0.008,0.007,NA,0.17,Coop,NA
Symbolic-Compositional Best-Effort Synthesizer,./1/058.ltlf,true.ltlf,Agent,0.075,0.004,0,0.001,NA,0.08,Coop,NA
Symbolic-Compositional Best-Effort Synthesizer,./1/059.ltlf,true.ltlf,Agent,0.063,0,0,0,NA,0.063,Adv,Dom
Symbolic-Compositional Best-Effort Synthesizer,./1/060.ltlf,true.ltlf,Agent,0.065,0,0,0,NA,0.065,Adv,Dom
Symbolic-Compositional Best-Effort Synthesizer,./1/061.ltlf,true.ltlf,Agent,0.199,0,0,0,NA,0.199,Adv,Dom
Symbolic-Compositional Best-Effort Synthesizer,./1/062.ltlf,true.ltlf,Agent,0.135,0,0,0,NA,0.135,Unr,Dom
Symbolic-Compositional Best-Effort Synthesizer,./1/063.ltlf,true.ltlf,Agent,0.034,0,0,0,NA,0.034,Unr,Dom
Symbolic-Compositional Best-Effort Synthesizer,./1/064.ltlf,true.ltlf,Agent,0.127,0,0,0,NA,0.127,Adv,Dom
Symbolic-Compositional Best-Effort Synthesizer,./1/065.ltlf,true.ltlf,Agent,0.187,0.058,0.028,0.001,NA,0.274,Coop,NA
Symbolic-Compositional Best-Effort Synthesizer,./1/066.ltlf,true.ltlf,Agent,0.111,0,0,0,NA,0.111,Adv,Dom
Symbolic-Compositional Best-Effort Synthesizer,./1/067.ltlf,true.ltlf,Agent,0.136,0.052,0.01,0,NA,0.198,Adv,Dom
Symbolic-Compositional Best-Effort Synthesizer,./1/068.ltlf,true.ltlf,Agent,0.147,0.018,0.012,0.006,NA,0.183,Coop,NA
Symbolic-Compositional Best-Effort Synthesizer,./1/069.ltlf,true.ltlf,Agent,0.051,0,0,0,NA,0.051,Adv,Dom
Symbolic-Compositional Best-Effort Synthesizer,./1/070.ltlf,true.ltlf,Agent,0.103,0.052,0.01,0,NA,0.165,Adv,Dom
Symbolic-Compositional Best-Effort Synthesizer,./1/071.ltlf,true.ltlf,Agent,0.172,0,0,0,NA,0.172,Adv,Dom
Symbolic-Compositional Best-Effort Synthesizer,./1/072.ltlf,true.ltlf,Agent,0.138,0,0,0,NA,0.138,Unr,Dom
Symbolic-Compositional Best-Effort Synthesizer,./1/073.ltlf,true.ltlf,Agent,0.094,0,0,0,NA,0.094,Unr,Dom
Symbolic-Compositional Best-Effort Synthesizer,./1/074.ltlf,true.ltlf,Agent,0.02,0.019,0.001,0,NA,0.04,Adv,Dom
Symbolic-Compositional Best-Effort Synthesizer,./1/075.ltlf,true.ltlf,Agent,0.083,0.004,0.001,0,NA,0.088,Coop,NA
Symbolic-Compositional Best-Effort Synthesizer,./1/076.ltlf,true.ltlf,Agent,0.193,0,0,0,NA,0.193,Adv,Dom
Symbolic-Compositional Best-Effort Synthesizer,./1/077.ltlf,true.ltlf,Agent,0.035,0,0,0,NA,0.035,Unr,Dom
Symbolic-Compositional Best-Effort Synthesizer,./1/078.ltlf,true.ltlf,Agent,0.181,0.048,0.018,0.016,NA,0.263,Coop,NA
Symbolic-Compositional Best-Effort Synthesizer,./1/079.ltlf,true.ltlf,Agent,0.146,0,0,0,NA,0.146,Adv,Dom
Symbolic-Compositional Best-Effort Synthesizer,./1/080.ltlf,true.ltlf,Agent,0.051,0,0,0,NA,0.051,Unr,Dom
Symbolic-Compositional Best-Effort Synthesizer,./1/081.ltlf,true.ltlf,Agent,0.018,0.003,0,0,NA,0.021,Adv,Dom
Symbolic-Compositional Best-Effort Synthesizer,./1/082.ltlf,true.ltlf,Agent,0.14,0.019,0.003,0.008,NA,0.17,Coop,NA
Symbolic-Compositional Best-Effort Synthesizer,./1/083.ltlf,true.ltlf,Agent,0.06,0.009,0.004,0,NA,0.073,Adv,Dom
Symbolic-Compositional Best-Effort Synthesizer,./1/084.ltlf,true.ltlf,Agent,0.013,0.005,0,0,NA,0.018,Adv,Dom
Symbolic-Compositional Best-Effort Synthesizer,./1/085.ltlf,true.ltlf,Agent,0.186,0,0,0,NA,0.186,Adv,Dom
Symbolic-Compositional Best-Effort Synthesizer,./1/086.ltlf,true.ltlf,Agent,0.166,0,0,0,NA,0.166,Adv,Dom
Symbolic-Compositional Best-Effort Synthesizer,./1/087.ltlf,true.ltlf,Agent,0.139,0,0,0,NA,0.139,Unr,Dom
Symbolic-Compositional Best-Effort Synthesizer,./1/088.ltlf,true.ltlf,Agent,0.172,0,0,0,NA,0.172,Adv,Dom
Symbolic-Compositional Best-Effort Synthesizer,./1/089.ltlf,true.ltlf,Agent,0.1,0,0,0,NA,0.1,Unr,Dom
Symbolic-Compositional Best-Effort Synthesizer,./1/090.ltlf,true.ltlf,Agent,0.057,0.002,0,0,NA,0.059,Coop,NA
Symbolic-Compositional Best-Effort Synthesizer,./1/091.ltlf,true.ltlf,Agent,0.105,0.007,0.002,0.002,NA,0.116,Coop,NA
Symbolic-Compositional Best-Effort Synthesizer,./1/092.ltlf,true.ltlf,Agent,0.051,0,0,0,NA,0.051,Unr,Dom
Symbolic-Compositional Best-Effort Synthesizer,./1/093.ltlf,true.ltlf,Agent,0.202,0,0,0,NA,0.202,Adv,Dom
Symbolic-Compositional Best-Effort Synthesizer,./1/094.ltlf,true.ltlf,Agent,0.146,0,0,0,NA,0.146,Adv,Dom
Symbolic-Compositional Best-Effort Synthesizer,./1/095.ltlf,true.ltlf,Agent,0.011,0.004,0,0,NA,0.015,Adv,Dom
Symbolic-Compositional Best-Effort Synthesizer,./1/096.ltlf,true.ltlf,Agent,0.097,0,0,0,NA,0.097,Unr,Dom
Symbolic-Compositional Best-Effort Synthesizer,./1/097.ltlf,true.ltlf,Agent,0.139,0,0,0,NA,0.139,Unr,Dom
Symbolic-Compositional Best-Effort Synthesizer,./1/098.ltlf,true.ltlf,Agent,0.11,0,0,0,NA,0.11,Adv,Dom
Symbolic-Compositional Best-Effort Synthesizer,./1/099.ltlf,true.ltlf,Agent,0.125,0,0,0,NA,0.125,Adv,Dom
Symbolic-Compositional Best-Effort Synthesizer,./1/100.ltlf,true.ltlf,Agent,0.037,0,0,0,NA,0.037,Unr,Dom
Symbolic-Compositional Best-Effort Synthesizer,./1/101.ltlf,true.ltlf,Agent,0.063,0,0,0,NA,0.063,Adv,Dom
Symbolic-Compositional Best-Effort Synthesizer,./1/102.ltlf,true.ltlf,Agent,0.145,0,0,0,NA,0.145,Adv,Dom
Symbolic-Compositional Best-Effort Synthesizer,./1/103.ltlf,true.ltlf,Agent,0.191,0.058,0.03,0.001,NA,0.28,Coop,NA
Symbolic-Compositional Best-Effort Synthesizer,./1/104.ltlf,true.ltlf,Agent,0.054,0.002,0,0,NA,0.056,Coop,NA
Symbolic-Compositional Best-Effort Synthesizer,./1/105.ltlf,true.ltlf,Agent,0.136,0,0,0,NA,0.136,Adv,Dom
Symbolic-Compositional Best-Effort Synthesizer,./1/106.ltlf,true.ltlf,Agent,0.048,0.004,0,0,NA,0.052,Coop,NA
Symbolic-Compositional Best-Effort Synthesizer,./1/107.ltlf,true.ltlf,Agent,0.181,0.068,0.045,0.016,NA,0.31,Coop,NA
Symbolic-Compositional Best-Effort Synthesizer,./1/108.ltlf,true.ltlf,Agent,0.148,0,0,0,NA,0.148,Adv,Dom
Symbolic-Compositional Best-Effort Synthesizer,./1/109.ltlf,true.ltlf,Agent,0.076,0,0,0,NA,0.076,Adv,Dom
Symbolic-Compositional Best-Effort Synthesizer,./1/110.ltlf,true.ltlf,Agent,0.058,0.007,0.001,0,NA,0.066,Adv,Dom
Symbolic-Compositional Best-Effort Synthesizer,./1/111.ltlf,true.ltlf,Agent,0.03,0.005,0,0,NA,0.035,Adv,Dom
Symbolic-Compositional Best-Effort Synthesizer,./1/112.ltlf,true.ltlf,Agent,0.15,0.02,0.015,0.005,NA,0.19,Coop,NA
Symbolic-Compositional Best-Effort Synthesizer,./1/113.ltlf,true.ltlf,Agent,0.146,0.019,0.003,0.008,NA,0.176,Coop,NA
Symbolic-Compositional Best-Effort Synthesizer,./1/114.ltlf,true.ltlf,Agent,0.023,0.051,0.003,0,NA,0.077,Adv,Dom
Symbolic-Compositional Best-Effort Synthesizer,./1/115.ltlf,true.ltlf,Agent,0.074,0,0,0,NA,0.074,Adv,Dom
Symbolic-Compositional Best-Effort Synthesizer,./1/116.ltlf,true.ltlf,Agent,0.092,0,0,0,NA,0.092,Adv,Dom
Symbolic-Compositional Best-Effort Synthesizer,./1/117.ltlf,true.ltlf,Agent,0.056,0.003,0,0,NA,0.059,Coop,NA
Symbolic-Compositional Best-Effort Synthesizer,./1/118.ltlf,true.ltlf,Agent,0.106,0.053,0.011,0.001,NA,0.171,Adv,Dom
Symbolic-Compositional Best-Effort Synthesizer,./1/119.ltlf,true.ltlf,Agent,0.128,0,0,0,NA,0.128,Adv,Dom
Symbolic-Compositional Best-Effort Synthesizer,./1/120.ltlf,true.ltlf,Agent,0.19,0.057,0.03,0,NA,0.277,Coop,NA
Symbolic-Compositional Best-Effort Synthesizer,./1/121.ltlf,true.ltlf,Agent,0.07,0.004,0,0.001,NA,0.075,Coop,NA
Symbolic-Compositional Best-Effort Synthesizer,./1/122.ltlf,true.ltlf,Agent,0.078,0.003,0.001,0.001,NA,0.083,Coop,NA
Symbolic-Compositional Best-Effort Synthesizer,./1/123.ltlf,true.ltlf,Agent,0.035,0,0,0,NA,0.035,Unr,Dom
Symbolic-Compositional Best-Effort Synthesizer,./1/124.ltlf,true.ltlf,Agent,0.073,0.007,0,0.001,NA,0.081,Coop,NA
Symbolic-Compositional Best-Effort Synthesizer,./1/125.ltlf,true.ltlf,Agent,0.072,0.005,0,0.002,NA,0.079,Coop,NA
Symbolic-Compositional Best-Effort Synthesizer,./1/126.ltlf,true.ltlf,Agent,0.107,0,0,0,NA,0.107,Adv,Dom
Symbolic-Compositional Best-Effort Synthesizer,./1/127.ltlf,true.ltlf,Agent,0.139,0,0,0,NA,0.139,Unr,Dom
Symbolic-Compositional Best-Effort Synthesizer,./1/128.ltlf,true.ltlf,Agent,0.017,0.007,0,0,NA,0.024,Adv,Dom
Symbolic-Compositional Best-Effort Synthesizer,./1/129.ltlf,true.ltlf,Agent,0.071,0.004,0,0.001,NA,0.076,Coop,NA
Symbolic-Compositional Best-Effort Synthesizer,./1/130.ltlf,true.ltlf,Agent,0.194,0,0,0,NA,0.194,Adv,Dom
Symbolic-Compositional Best-Effort Synthesizer,./1/131.ltlf,true.ltlf,Agent,0.112,0,0,0,NA,0.112,Adv,Dom
Symbolic-Compositional Best-Effort Synthesizer,./1/132.ltlf,true.ltlf,Agent,0.018,0.006,0,0,NA,0.024,Adv,Dom
Symbolic-Compositional Best-Effort Synthesizer,./1/133.ltlf,true.ltlf,Agent,0.055,0,0,0,NA,0.055,Unr,Dom
Symbolic-Compositional Best-Effort Synthesizer,./1/134.ltlf,true.ltlf,Agent,0.01,0.004,0,0,NA,0.014,Adv,Dom
Symbolic-Compositional Best-Effort Synthesizer,./1/135.ltlf,true.ltlf,Agent,0.177,0,0,0,NA,0.177,Adv,Dom
Symbolic-Compositional Best-Effort Synthesizer,./1/136.ltlf,true.ltlf,Agent,0.159,0.018,0.005,0,NA,0.182,Coop,NA
Symbolic-Compositional Best-Effort Synthesizer,./1/137.ltlf,true.ltlf,Agent,0.114,0.007,0.004,0.002,NA,0.127,Coop,NA
Symbolic-Compositional Best-Effort Synthesizer,./1/138.ltlf,true.ltlf,Agent,0.079,0.026,0.002,0,NA,0.107,Adv,Dom
Symbolic-Compositional Best-Effort Synthesizer,./1/139.ltlf,true.ltlf,Agent,0.188,0.049,0.018,0.016,NA,0.271,Coop,NA
Symbolic-Compositional Best-Effort Synthesizer,./1/140.ltlf,true.ltlf,Agent,0.056,0.003,0,0,NA,0.059,Coop,NA
Symbolic-Compositional Best-Effort Synthesizer,./1/141.ltlf,true.ltlf,Agent,0.108,0.005,0,0.001,NA,0.114,Coop,NA
Symbolic-Compositional Best-Effort Synthesizer,./1/142.ltlf,true.ltlf,Agent,0.011,0.003,0,0,NA,0.014,Adv,Dom
Symbolic-Compositional Best-Effort Synthesizer,./1/143.ltlf,true.ltlf,Agent,0.113,0.003,0.001,0.001,NA,0.118,Coop,NA
Symbolic-Compositional Best-Effort Synthesizer,./1/144.ltlf,true.ltlf,Agent,0.012,0.006,0,0,NA,0.018,Adv,Dom
Symbolic-Compositional Best-Effort Synthesizer,./1/145.ltlf,true.ltlf,Agent,0.107,0,0,0,NA,0.107,Adv,Dom
Symbolic-Compositional Best-Effort Synthesizer,./1/146.ltlf,true.ltlf,Agent,0.051,0.003,0,0,NA,0.054,Coop,NA
Symbolic-Compositional Best-Effort Synthesizer,./1/147.ltlf,true.ltlf,Agent,0.169,0,0,0,NA,0.169,Adv,Dom
Symbolic-Compositional Best-Effort Synthesizer,./1/148.ltlf,true.ltlf,Agent,0.054,0.002,0,0,NA,0.056,Coop,NA
Symbolic-Compositional Best-Effort Synthesizer,./1/149.ltlf,true.ltlf,Agent,0.039,0.006,0,0,NA,0.045,Adv,Dom
Symbolic-Compositional Best-Effort Synthesizer,./1/150.ltlf,true.ltlf,Agent,0.079,0.003,0.001,0.001,NA,0.084,Coop,NA
Symbolic-Compositional Best-Effort Synthesizer,./1/151.ltlf,true.ltlf,Agent,0.05,0.004,0,0,NA,0.054,Coop,NA
Symbolic-Compositional Best-Effort Synthesizer,./1/152.ltlf,true.ltlf,Agent,0.139,0,0,0,NA,0.139,Unr,Dom
Symbolic-Compositional Best-Effort Synthesizer,./1/153.ltlf,true.ltlf,Agent,0.053,0,0,0,NA,0.053,Unr,Dom
Symbolic-Compositional Best-Effort Synthesizer,./1/154.ltlf,true.ltlf,Agent,0.101,0.008,0.002,0.002,NA,0.113,Coop,NA
Symbolic-Compositional Best-Effort Synthesizer,./1/155.ltlf,true.ltlf,Agent,0.052,0,0,0,NA,0.052,Unr,Dom
Symbolic-Compositional Best-Effort Synthesizer,./1/156.ltlf,true.ltlf,Agent,0.076,0.02,0.002,0,NA,0.098,Adv,Dom
Symbolic-Compositional Best-Effort Synthesizer,./1/157.ltlf,true.ltlf,Agent,0.142,0.019,0.003,0.009,NA,0.173,Coop,NA
Symbolic-Compositional Best-Effort Synthesizer,./1/158.ltlf,true.ltlf,Agent,0.101,0.007,0.002,0.002,NA,0.112,Coop,NA
Symbolic-Compositional Best-Effort Synthesizer,./1/159.ltlf,true.ltlf,Agent,0.017,0.006,0,0,NA,0.023,Adv,Dom
Symbolic-Compositional Best-Effort Synthesizer,./1/160.ltlf,true.ltlf,Agent,0.131,0,0,0,NA,0.131,Adv,Dom
Symbolic-Compositional Best-Effort Synthesizer,./1/161.ltlf,true.ltlf,Agent,0.155,0.018,0.005,0,NA,0.178,Coop,NA
Symbolic-Compositional Best-Effort Synthesizer,./1/162.ltlf,true.ltlf,Agent,0.214,0,0,0,NA,0.214,Adv,Dom
Symbolic-Compositional Best-Effort Synthesizer,./1/163.ltlf,true.ltlf,Agent,0.077,0,0,0,NA,0.077,Adv,Dom
Symbolic-Compositional Best-Effort Synthesizer,./1/164.ltlf,true.ltlf,Agent,0.196,0.069,0.045,0.015,NA,0.325,Coop,NA
Symbolic-Compositional Best-Effort Synthesizer,./1/165.ltlf,true.ltlf,Agent,0.057,0.003,0,0,NA,0.06,Coop,NA
Symbolic-Compositional Best-Effort Synthesizer,./1/166.ltlf,true.ltlf,Agent,0.089,0.006,0.001,0,NA,0.096,Coop,NA
Symbolic-Compositional Best-Effort Synthesizer,./1/167.ltlf,true.ltlf,Agent,0.063,0,0,0,NA,0.063,Unr,Dom
Symbolic-Compositional Best-Effort Synthesizer,./1/168.ltlf,true.ltlf,Agent,0.215,0,0,0,NA,0.215,Adv,Dom
Symbolic-Compositional Best-Effort Synthesizer,./1/169.ltlf,true.ltlf,Agent,0.025,0.003,0,0,NA,0.028,Adv,Dom
Symbolic-Compositional Best-Effort Synthesizer,./1/170.ltlf,true.ltlf,Agent,0.105,0.008,0.002,0.002,NA,0.117,Coop,NA
Symbolic-Compositional Best-Effort Synthesizer,./1/171.ltlf,true.ltlf,Agent,0.059,0.004,0,0,NA,0.063,Coop,NA
Symbolic-Compositional Best-Effort Synthesizer,./1/172.ltlf,true.ltlf,Agent,0.086,0.004,0,0,NA,0.09,Coop,NA
Symbolic-Compositional Best-Effort Synthesizer,./1/173.ltlf,true.ltlf,Agent,0.139,0.019,0.003,0.008,NA,0.169,Coop,NA
Symbolic-Compositional Best-Effort Synthesizer,./1/174.ltlf,true.ltlf,Agent,0.186,0,0,0,NA,0.186,Adv,Dom
Symbolic-Compositional Best-Effort Synthesizer,./1/175.ltlf,true.ltlf,Agent,0.037,0,0,0,NA,0.037,Unr,Dom
Symbolic-Compositional Best-Effort Synthesizer,./1/176.ltlf,true.ltlf,Agent,0.114,0.006,0.004,0.002,NA,0.126,Coop,NA
Symbolic-Compositional Best-Effort Synthesizer,./1/177.ltlf,true.ltlf,Agent,0.048,0.004,0,0,NA,0.052,Coop,NA
Symbolic-Compositional Best-Effort Synthesizer,./1/178.ltlf,true.ltlf,Agent,0.036,0,0,0,NA,0.036,Unr,Dom
Symbolic-Compositional Best-Effort Synthesizer,./1/179.ltlf,true.ltlf,Agent,0.112,0,0,0,NA,0.112,Adv,Dom
Symbolic-Compositional Best-Effort Synthesizer,./1/180.ltlf,true.ltlf,Agent,0.052,0.003,0.001,0,NA,0.056,Coop,NA
Symbolic-Compositional Best-Effort Synthesizer,./1/181.ltlf,true.ltlf,Agent,0.158,0.018,0.004,0,NA,0.18,Coop,NA
Symbolic-Compositional Best-Effort Synthesizer,./1/182.ltlf,true.ltlf,Agent,0.076,0.023,0.002,0,NA,0.101,Adv,Dom
Symbolic-Compositional Best-Effort Synthesizer,./1/183.ltlf,true.ltlf,Agent,0.184,0,0,0,NA,0.184,Adv,Dom
Symbolic-Compositional Best-Effort Synthesizer,./1/184.ltlf,true.ltlf,Agent,0.081,0,0,0,NA,0.081,Adv,Dom
Symbolic-Compositional Best-Effort Synthesizer,./1/185.ltlf,true.ltlf,Agent,0.056,0,0,0,NA,0.056,Adv,Dom
Symbolic-Compositional Best-Effort Synthesizer,./1/186.ltlf,true.ltlf,Agent,0.02,0.021,0.002,0,NA,0.043,Adv,Dom
Symbolic-Compositional Best-Effort Synthesizer,./1/187.ltlf,true.ltlf,Agent,0.143,0,0,0,NA,0.143,Adv,Dom
Symbolic-Compositional Best-Effort Synthesizer,./1/188.ltlf,true.ltlf,Agent,0.111,0,0,0,NA,0.111,Adv,Dom
Symbolic-Compositional Best-Effort Synthesizer,./1/189.ltlf,true.ltlf,Agent,0.075,0,0,0,NA,0.075,Adv,Dom
Symbolic-Compositional Best-Effort Synthesizer,./1/190.ltlf,true.ltlf,Agent,0.053,0,0,0,NA,0.053,Unr,Dom
Symbolic-Compositional Best-Effort Synthesizer,./1/191.ltlf,true.ltlf,Agent,0.213,0,0,0,NA,0.213,Adv,Dom
Symbolic-Compositional Best-Effort Synthesizer,./1/192.ltlf,true.ltlf,Agent,0.05,0.004,0,0.001,NA,0.055,Coop,NA
Symbolic-Compositional Best-Effort Synthesizer,./1/193.ltlf,true.ltlf,Agent,0.111,0,0,0,NA,0.111,Adv,Dom
Symbolic-Compositional Best-Effort Synthesizer,./1/194.ltlf,true.ltlf,Agent,0.076,0.005,0,0.001,NA,0.082,Coop,NA
Symbolic-Compositional Best-Effort Synthesizer,./1/195.ltlf,true.ltlf,Agent,0.113,0.008,0.003,0.002,NA,0.126,Coop,NA
Symbolic-Compositional Best-Effort Synthesizer,./1/196.ltlf,true.ltlf,Agent,0.138,0,0,0,NA,0.138,Adv,Dom
Symbolic-Compositional Best-Effort Synthesizer,./1/197.ltlf,true.ltlf,Agent,0.114,0,0,0,NA,0.114,Adv,Dom
Symbolic-Compositional Best-Effort Synthesizer,./1/198.ltlf,true.ltlf,Agent,0.078,0.021,0.002,0,NA,0.101,Adv,Dom
Symbolic-Compositional Best-Effort Synthesizer,./1/199.ltlf,true.ltlf,Agent,0.205,0,0,0,NA,0.205,Adv,Dom
Symbolic-Compositional Best-Effort Synthesizer,./1/200.ltlf,true.ltlf,Agent,0.111,0,0,0,NA,0.111,Adv,Dom
Symbolic-Compositional Best-Effort Synthesizer,./2/001.ltlf,true.ltlf,Agent,0.914,3.126,0.992,0.096,NA,5.128,Coop,NA
Symbolic-Compositional Best-Effort Synthesizer,./2/002.ltlf,true.ltlf,Agent,0.1,0,0,0,NA,0.1,Adv,Dom
Symbolic-Compositional Best-Effort Synthesizer,./2/003.ltlf,true.ltlf,Agent,0.102,0,0,0,NA,0.102,Coop,NA
Symbolic-Compositional Best-Effort Synthesizer,./2/004.ltlf,true.ltlf,Agent,0.151,0.14,0.038,0.015,NA,0.344,Coop,NA
Symbolic-Compositional Best-Effort Synthesizer,./2/005.ltlf,true.ltlf,Agent,0.171,0.353,0.139,0.048,NA,0.711,Coop,NA
Symbolic-Compositional Best-Effort Synthesizer,./2/006.ltlf,true.ltlf,Agent,0.209,0,0,0,NA,0.209,Coop,NA
Symbolic-Compositional Best-Effort Synthesizer,./2/007.ltlf,true.ltlf,Agent,0.105,0,0,0,NA,0.105,Adv,Dom
Symbolic-Compositional Best-Effort Synthesizer,./2/008.ltlf,true.ltlf,Agent,0.105,0.144,0.09,0.007,NA,0.346,Coop,NA
Symbolic-Compositional Best-Effort Synthesizer,./2/009.ltlf,true.ltlf,Agent,0.074,0.07,0.005,0.003,NA,0.152,Coop,NA
Symbolic-Compositional Best-Effort Synthesizer,./2/010.ltlf,true.ltlf,Agent,0.242,0,0,0,NA,0.242,Unr,Dom
Symbolic-Compositional Best-Effort Synthesizer,./2/011.ltlf,true.ltlf,Agent,0.274,0,0,0,NA,0.274,Coop,NA
Symbolic-Compositional Best-Effort Synthesizer,./2/012.ltlf,true.ltlf,Agent,0.056,0.005,0,0.001,NA,0.062,Coop,NA
Symbolic-Compositional Best-Effort Synthesizer,./2/013.ltlf,true.ltlf,Agent,0.287,0.011,0.001,0.001,NA,0.3,Coop,NA
Symbolic-Compositional Best-Effort Synthesizer,./2/014.ltlf,true.ltlf,Agent,0.028,0.002,0,0,NA,0.03,Coop,NA
Symbolic-Compositional Best-Effort Synthesizer,./2/015.ltlf,true.ltlf,Agent,0.285,0,0,0,NA,0.285,Coop,NA
Symbolic-Compositional Best-Effort Synthesizer,./2/016.ltlf,true.ltlf,Agent,0.292,0,0,0,NA,0.292,Unr,Dom
Symbolic-Compositional Best-Effort Synthesizer,./2/017.ltlf,true.ltlf,Agent,0.052,0.085,0.035,0.007,NA,0.179,Coop,NA
Symbolic-Compositional Best-Effort Synthesizer,./2/018.ltlf,true.ltlf,Agent,0.055,0,0,0,NA,0.055,Unr,Dom
Symbolic-Compositional Best-Effort Synthesizer,./2/019.ltlf,true.ltlf,Agent,0.404,0.706,0.168,0.073,NA,1.351,Coop,NA
Symbolic-Compositional Best-Effort Synthesizer,./2/020.ltlf,true.ltlf,Agent,0.328,0,0,0,NA,0.328,Unr,Dom
Symbolic-Compositional Best-Effort Synthesizer,./2/021.ltlf,true.ltlf,Agent,0.127,0.013,0.002,0.001,NA,0.143,Coop,NA
Symbolic-Compositional Best-Effort Synthesizer,./2/022.ltlf,true.ltlf,Agent,0.382,0.329,0.012,0,NA,0.723,Adv,Dom
Symbolic-Compositional Best-Effort Synthesizer,./2/024.ltlf,true.ltlf,Agent,0.075,0,0,0,NA,0.075,Unr,Dom
Symbolic-Compositional Best-Effort Synthesizer,./2/025.ltlf,true.ltlf,Agent,0.357,0.45,0.167,0.054,NA,1.028,Coop,NA
Symbolic-Compositional Best-Effort Synthesizer,./2/026.ltlf,true.ltlf,Agent,0.116,0,0,0,NA,0.116,Unr,Dom
Symbolic-Compositional Best-Effort Synthesizer,./2/027.ltlf,true.ltlf,Agent,0.021,0.002,0,0,NA,0.023,Adv,Dom
Symbolic-Compositional Best-Effort Synthesizer,./2/029.ltlf,true.ltlf,Agent,1.693,5.148,0.175,0.028,NA,7.044,Coop,NA
Symbolic-Compositional Best-Effort Synthesizer,./2/030.ltlf,true.ltlf,Agent,0.14,0.093,0.076,0.005,NA,0.314,Coop,NA
Symbolic-Compositional Best-Effort Synthesizer,./2/031.ltlf,true.ltlf,Agent,0.17,0,0,0,NA,0.17,Unr,Dom
Symbolic-Compositional Best-Effort Synthesizer,./2/033.ltlf,true.ltlf,Agent,0.173,0,0,0,NA,0.173,Adv,Dom
Symbolic-Compositional Best-Effort Synthesizer,./2/034.ltlf,true.ltlf,Agent,0.047,0,0,0,NA,0.047,Unr,Dom
Symbolic-Compositional Best-Effort Synthesizer,./2/035.ltlf,true.ltlf,Agent,0.125,0.009,0,0,NA,0.134,Adv,Dom
Symbolic-Compositional Best-Effort Synthesizer,./2/036.ltlf,true.ltlf,Agent,0.103,0.003,0,0,NA,0.106,Coop,NA
Symbolic-Compositional Best-Effort Synthesizer,./2/037.ltlf,true.ltlf,Agent,0.181,0,0,0,NA,0.181,Coop,NA
Symbolic-Compositional Best-Effort Synthesizer,./2/038.ltlf,true.ltlf,Agent,0.112,0.058,0.025,0.005,NA,0.2,Coop,NA
Symbolic-Compositional Best-Effort Synthesizer,./2/039.ltlf,true.ltlf,Agent,0.14,0,0,0,NA,0.14,Adv,Dom
Symbolic-Compositional Best-Effort Synthesizer,./2/040.ltlf,true.ltlf,Agent,0.184,0,0,0,NA,0.184,Adv,Dom
Symbolic-Compositional Best-Effort Synthesizer,./2/041.ltlf,true.ltlf,Agent,0.02,0.033,0.003,0.001,NA,0.057,Coop,NA
Symbolic-Compositional Best-Effort Synthesizer,./2/042.ltlf,true.ltlf,Agent,0.223,0,0,0,NA,0.223,Coop,NA
Symbolic-Compositional Best-Effort Synthesizer,./2/043.ltlf,true.ltlf,Agent,0.123,0.002,0,0,NA,0.125,Coop,NA
Symbolic-Compositional Best-Effort Synthesizer,./2/044.ltlf,true.ltlf,Agent,0.152,0.198,0.022,0.005,NA,0.377,Coop,NA
Symbolic-Compositional Best-Effort Synthesizer,./2/045.ltlf,true.ltlf,Agent,1.061,4.819,0.8,0.056,NA,6.736,Coop,NA
Symbolic-Compositional Best-Effort Synthesizer,./2/046.ltlf,true.ltlf,Agent,0.095,0,0,0,NA,0.095,Unr,Dom
Symbolic-Compositional Best-Effort Synthesizer,./2/047.ltlf,true.ltlf,Agent,0.059,0.004,0.001,0.001,NA,0.065,Coop,NA
Symbolic-Compositional Best-Effort Synthesizer,./2/048.ltlf,true.ltlf,Agent,0.123,0,0,0,NA,0.123,Unr,Dom
Symbolic-Compositional Best-Effort Synthesizer,./2/049.ltlf,true.ltlf,Agent,1.483,6.503,23.172,12.057,NA,43.215,Coop,NA
Symbolic-Compositional Best-Effort Synthesizer,./2/050.ltlf,true.ltlf,Agent,0.042,0,0,0,NA,0.042,Coop,NA
Symbolic-Compositional Best-Effort Synthesizer,./2/051.ltlf,true.ltlf,Agent,0.2,0.006,0.004,0.003,NA,0.213,Coop,NA
Symbolic-Compositional Best-Effort Synthesizer,./2/052.ltlf,true.ltlf,Agent,0.156,0,0,0,NA,0.156,Coop,NA
Symbolic-Compositional Best-Effort Synthesizer,./2/053.ltlf,true.ltlf,Agent,0.07,0,0,0,NA,0.07,Adv,Dom
Symbolic-Compositional Best-Effort Synthesizer,./2/054.ltlf,true.ltlf,Agent,0.015,0.003,0,0,NA,0.018,Adv,Dom
Symbolic-Compositional Best-Effort Synthesizer,./2/055.ltlf,true.ltlf,Agent,0.068,0.005,0,0,NA,0.073,Adv,Dom
Symbolic-Compositional Best-Effort Synthesizer,./2/056.ltlf,true.ltlf,Agent,0.178,0,0,0,NA,0.178,Unr,Dom
Symbolic-Compositional Best-Effort Synthesizer,./2/057.ltlf,true.ltlf,Agent,0.107,0,0,0,NA,0.107,Coop,NA
Symbolic-Compositional Best-Effort Synthesizer,./2/058.ltlf,true.ltlf,Agent,0.447,2.432,1.766,0.105,NA,4.75,Coop,NA
Symbolic-Compositional Best-Effort Synthesizer,./2/059.ltlf,true.ltlf,Agent,0.25,1.06,0.803,0.29,NA,2.403,Coop,NA
Symbolic-Compositional Best-Effort Synthesizer,./2/060.ltlf,true.ltlf,Agent,0.225,0.462,0.445,0.027,NA,1.159,Coop,NA
Symbolic-Compositional Best-Effort Synthesizer,./2/061.ltlf,true.ltlf,Agent,0.08,0,0,0,NA,0.08,Adv,Dom
Symbolic-Compositional Best-Effort Synthesizer,./2/062.ltlf,true.ltlf,Agent,0.296,1.342,0.19,0.02,NA,1.848,Adv,Dom
Symbolic-Compositional Best-Effort Synthesizer,./2/063.ltlf,true.ltlf,Agent,0.104,0,0,0,NA,0.104,Unr,Dom
Symbolic-Compositional Best-Effort Synthesizer,./2/064.ltlf,true.ltlf,Agent,0.062,0.146,0.167,0.013,NA,0.388,Coop,NA
Symbolic-Compositional Best-Effort Synthesizer,./2/065.ltlf,true.ltlf,Agent,0.11,0,0,0,NA,0.11,Unr,Dom
Symbolic-Compositional Best-Effort Synthesizer,./2/066.ltlf,true.ltlf,Agent,0.075,0.001,0,0,NA,0.076,Coop,NA
Symbolic-Compositional Best-Effort Synthesizer,./2/067.ltlf,true.ltlf,Agent,0.115,0.001,0,0,NA,0.116,Coop,NA
Symbolic-Compositional Best-Effort Synthesizer,./2/068.ltlf,true.ltlf,Agent,0.028,0.007,0.015,0.001,NA,0.051,Coop,NA
Symbolic-Compositional Best-Effort Synthesizer,./2/069.ltlf,true.ltlf,Agent,0.192,0,0,0,NA,0.192,Adv,Dom
Symbolic-Compositional Best-Effort Synthesizer,./2/070.ltlf,true.ltlf,Agent,0.026,0.131,0.016,0.004,NA,0.177,Coop,NA
Symbolic-Compositional Best-Effort Synthesizer,./2/071.ltlf,true.ltlf,Agent,0.065,0.476,0.386,0.024,NA,0.951,Coop,NA
Symbolic-Compositional Best-Effort Synthesizer,./2/073.ltlf,true.ltlf,Agent,0.143,0.395,0.04,0.009,NA,0.587,Coop,NA
Symbolic-Compositional Best-Effort Synthesizer,./2/074.ltlf,true.ltlf,Agent,0.239,0.002,0,0,NA,0.241,Adv,Dom
Symbolic-Compositional Best-Effort Synthesizer,./2/075.ltlf,true.ltlf,Agent,0.183,0,0,0,NA,0.183,Unr,Dom
Symbolic-Compositional Best-Effort Synthesizer,./2/076.ltlf,true.ltlf,Agent,0.101,0,0,0,NA,0.101,Coop,NA
Symbolic-Compositional Best-Effort Synthesizer,./2/077.ltlf,true.ltlf,Agent,0.1,0.001,0.001,0,NA,0.102,Coop,NA
Symbolic-Compositional Best-Effort Synthesizer,./2/078.ltlf,true.ltlf,Agent,0.096,0.001,0,0,NA,0.097,Coop,NA
Symbolic-Compositional Best-Effort Synthesizer,./2/080.ltlf,true.ltlf,Agent,0.35,0,0,0,NA,0.35,Adv,Dom
Symbolic-Compositional Best-Effort Synthesizer,./2/081.ltlf,true.ltlf,Agent,0.141,0,0,0,NA,0.141,Unr,Dom
Symbolic-Compositional Best-Effort Synthesizer,./2/082.ltlf,true.ltlf,Agent,0.388,0.001,0.001,0,NA,0.39,Coop,NA
Symbolic-Compositional Best-Effort Synthesizer,./2/083.ltlf,true.ltlf,Agent,0.245,0,0,0,NA,0.245,Adv,Dom
Symbolic-Compositional Best-Effort Synthesizer,./2/084.ltlf,true.ltlf,Agent,0.544,0.327,0.016,0.015,NA,0.902,Coop,NA
Symbolic-Compositional Best-Effort Synthesizer,./2/085.ltlf,true.ltlf,Agent,0.271,0,0,0,NA,0.271,Unr,Dom
Symbolic-Compositional Best-Effort Synthesizer,./2/086.ltlf,true.ltlf,Agent,0.025,0.006,0.002,0,NA,0.033,Adv,Dom
Symbolic-Compositional Best-Effort Synthesizer,./2/087.ltlf,true.ltlf,Agent,0.06,0.029,0.015,0.001,NA,0.105,Coop,NA
Symbolic-Compositional Best-Effort Synthesizer,./2/088.ltlf,true.ltlf,Agent,0.166,0,0,0,NA,0.166,Unr,Dom
Symbolic-Compositional Best-Effort Synthesizer,./2/090.ltlf,true.ltlf,Agent,0.074,0.006,0.001,0,NA,0.081,Coop,NA
Symbolic-Compositional Best-Effort Synthesizer,./2/091.ltlf,true.ltlf,Agent,0.243,0.001,0,0,NA,0.244,Coop,NA
Symbolic-Compositional Best-Effort Synthesizer,./2/092.ltlf,true.ltlf,Agent,0.5,0.001,0,0,NA,0.501,Coop,NA
Symbolic-Compositional Best-Effort Synthesizer,./2/093.ltlf,true.ltlf,Agent,0.082,0.013,0.012,0.004,NA,0.111,Coop,NA
Symbolic-Compositional Best-Effort Synthesizer,./2/094.ltlf,true.ltlf,Agent,0.114,0,0,0,NA,0.114,Unr,Dom
Symbolic-Compositional Best-Effort Synthesizer,./2/095.ltlf,true.ltlf,Agent,0.545,2.008,0.077,0.026,NA,2.656,Coop,NA
Symbolic-Compositional Best-Effort Synthesizer,./2/096.ltlf,true.ltlf,Agent,0.188,0,0,0,NA,0.188,Adv,Dom
Symbolic-Compositional Best-Effort Synthesizer,./2/097.ltlf,true.ltlf,Agent,0.072,0.015,0.005,0,NA,0.092,Coop,NA
Symbolic-Compositional Best-Effort Synthesizer,./2/098.ltlf,true.ltlf,Agent,0.205,0,0,0,NA,0.205,Adv,Dom
Symbolic-Compositional Best-Effort Synthesizer,./2/099.ltlf,true.ltlf,Agent,0.066,0,0,0,NA,0.066,Adv,Dom
Symbolic-Compositional Best-Effort Synthesizer,./2/100.ltlf,true.ltlf,Agent,0.311,0.326,0.081,0.012,NA,0.73,Coop,NA
Symbolic-Compositional Best-Effort Synthesizer,./2/101.ltlf,true.ltlf,Agent,0.249,0.543,0.12,0.072,NA,0.984,Coop,NA
Symbolic-Compositional Best-Effort Synthesizer,./2/102.ltlf,true.ltlf,Agent,0.155,0,0,0,NA,0.155,Unr,Dom
Symbolic-Compositional Best-Effort Synthesizer,./2/103.ltlf,true.ltlf,Agent,0.088,0.061,0.016,0.001,NA,0.166,Coop,NA
Symbolic-Compositional Best-Effort Synthesizer,./2/104.ltlf,true.ltlf,Agent,0.083,0.001,0,0,NA,0.084,Adv,Dom
Symbolic-Compositional Best-Effort Synthesizer,./2/105.ltlf,true.ltlf,Agent,0.064,0,0,0,NA,0.064,Coop,NA
Symbolic-Compositional Best-Effort Synthesizer,./2/106.ltlf,true.ltlf,Agent,0.081,0.136,0.033,0.005,NA,0.255,Coop,NA
Symbolic-Compositional Best-Effort Synthesizer,./2/107.ltlf,true.ltlf,Agent,0.167,0.354,0.064,0.029,NA,0.614,Coop,NA
Symbolic-Compositional Best-Effort Synthesizer,./2/108.ltlf,true.ltlf,Agent,0.459,0,0,0,NA,0.459,Coop,NA
Symbolic-Compositional Best-Effort Synthesizer,./2/109.ltlf,true.ltlf,Agent,0.047,0.009,0.004,0.002,NA,0.062,Coop,NA
Symbolic-Compositional Best-Effort Synthesizer,./2/110.ltlf,true.ltlf,Agent,5.941,47.981,1.018,0.106,NA,55.046,Coop,NA
Symbolic-Compositional Best-Effort Synthesizer,./2/111.ltlf,true.ltlf,Agent,0.015,0.001,0,0,NA,0.016,Adv,Dom
Symbolic-Compositional Best-Effort Synthesizer,./2/112.ltlf,true.ltlf,Agent,0.183,0.504,0.959,0.077,NA,1.723,Coop,NA
Symbolic-Compositional Best-Effort Synthesizer,./2/113.ltlf,true.ltlf,Agent,0.111,0.058,0.025,0.004,NA,0.198,Coop,NA
Symbolic-Compositional Best-Effort Synthesizer,./2/114.ltlf,true.ltlf,Agent,0.089,0.001,0,0,NA,0.09,Coop,NA
Symbolic-Compositional Best-Effort Synthesizer,./2/115.ltlf,true.ltlf,Agent,0.621,2.338,0.147,0.053,NA,3.159,Coop,NA
Symbolic-Compositional Best-Effort Synthesizer,./2/116.ltlf,true.ltlf,Agent,0.094,0.023,0.006,0,NA,0.123,Coop,NA
Symbolic-Compositional Best-Effort Synthesizer,./2/117.ltlf,true.ltlf,Agent,0.114,0.003,0,0,NA,0.117,Adv,Dom
Symbolic-Compositional Best-Effort Synthesizer,./2/118.ltlf,true.ltlf,Agent,0.039,0,0,0,NA,0.039,Unr,Dom
Symbolic-Compositional Best-Effort Synthesizer,./2/119.ltlf,true.ltlf,Agent,0.122,0.157,0.043,0.027,NA,0.349,Coop,NA
Symbolic-Compositional Best-Effort Synthesizer,./2/120.ltlf,true.ltlf,Agent,0.07,0,0,0,NA,0.07,Unr,Dom
Symbolic-Compositional Best-Effort Synthesizer,./2/121.ltlf,true.ltlf,Agent,0.126,0.255,0.916,0.067,NA,1.364,Coop,NA
Symbolic-Compositional Best-Effort Synthesizer,./2/122.ltlf,true.ltlf,Agent,0.157,0,0,0,NA,0.157,Adv,Dom
Symbolic-Compositional Best-Effort Synthesizer,./2/123.ltlf,true.ltlf,Agent,0.165,0,0,0,NA,0.165,Unr,Dom
Symbolic-Compositional Best-Effort Synthesizer,./2/124.ltlf,true.ltlf,Agent,0.097,0.035,0.039,0.005,NA,0.176,Coop,NA
Symbolic-Compositional Best-Effort Synthesizer,./2/125.ltlf,true.ltlf,Agent,0.11,0,0,0,NA,0.11,Coop,NA
Symbolic-Compositional Best-Effort Synthesizer,./2/126.ltlf,true.ltlf,Agent,0.088,0.03,0.001,0.003,NA,0.122,Coop,NA
Symbolic-Compositional Best-Effort Synthesizer,./2/127.ltlf,true.ltlf,Agent,0.037,0.002,0.001,0,NA,0.04,Coop,NA
Symbolic-Compositional Best-Effort Synthesizer,./2/128.ltlf,true.ltlf,Agent,0.096,0,0,0,NA,0.096,Coop,NA
Symbolic-Compositional Best-Effort Synthesizer,./2/129.ltlf,true.ltlf,Agent,0.223,0,0,0,NA,0.223,Adv,Dom
Symbolic-Compositional Best-Effort Synthesizer,./2/130.ltlf,true.ltlf,Agent,0.052,0,0,0,NA,0.052,Unr,Dom
Symbolic-Compositional Best-Effort Synthesizer,./2/131.ltlf,true.ltlf,Agent,0.025,0.082,0.012,0.002,NA,0.121,Adv,Dom
Symbolic-Compositional Best-Effort Synthesizer,./2/132.ltlf,true.ltlf,Agent,0.028,0.121,0.024,0.007,NA,0.18,Coop,NA
Symbolic-Compositional Best-Effort Synthesizer,./2/133.ltlf,true.ltlf,Agent,0.039,0.035,0.002,0,NA,0.076,Adv,Dom
Symbolic-Compositional Best-Effort Synthesizer,./2/134.ltlf,true.ltlf,Agent,0.105,0,0,0,NA,0.105,Unr,Dom
Symbolic-Compositional Best-Effort Synthesizer,./2/135.ltlf,true.ltlf,Agent,0.321,0,0,0,NA,0.321,Adv,Dom
Symbolic-Compositional Best-Effort Synthesizer,./2/136.ltlf,true.ltlf,Agent,0.07,0,0,0,NA,0.07,Adv,Dom
Symbolic-Compositional Best-Effort Synthesizer,./2/138.ltlf,true.ltlf,Agent,0.457,0,0,0,NA,0.457,Adv,Dom
Symbolic-Compositional Best-Effort Synthesizer,./2/139.ltlf,true.ltlf,Agent,0.071,0,0,0,NA,0.071,Unr,Dom
Symbolic-Compositional Best-Effort Synthesizer,./2/140.ltlf,true.ltlf,Agent,0.196,0,0,0,NA,0.196,Adv,Dom
Symbolic-Compositional Best-Effort Synthesizer,./2/141.ltlf,true.ltlf,Agent,0.254,0,0,0,NA,0.254,Adv,Dom
Symbolic-Compositional Best-Effort Synthesizer,./2/142.ltlf,true.ltlf,Agent,0.228,0.353,1.003,0.065,NA,1.649,Coop,NA
Symbolic-Compositional Best-Effort Synthesizer,./2/143.ltlf,true.ltlf,Agent,0.048,0.005,0.001,0,NA,0.054,Adv,Dom
Symbolic-Compositional Best-Effort Synthesizer,./2/144.ltlf,true.ltlf,Agent,0.248,0,0,0,NA,0.248,Unr,Dom
Symbolic-Compositional Best-Effort Synthesizer,./2/145.ltlf,true.ltlf,Agent,0.557,0.001,0,0,NA,0.558,Coop,NA
Symbolic-Compositional Best-Effort Synthesizer,./2/146.ltlf,true.ltlf,Agent,0.187,0,0,0,NA,0.187,Unr,Dom
Symbolic-Compositional Best-Effort Synthesizer,./2/147.ltlf,true.ltlf,Agent,0.053,0,0,0,NA,0.053,Unr,Dom
Symbolic-Compositional Best-Effort Synthesizer,./2/148.ltlf,true.ltlf,Agent,0.074,0.004,0,0,NA,0.078,Adv,Dom
Symbolic-Compositional Best-Effort Synthesizer,./2/149.ltlf,true.ltlf,Agent,0.196,0,0,0,NA,0.196,Adv,Dom
Symbolic-Compositional Best-Effort Synthesizer,./2/150.ltlf,true.ltlf,Agent,0.085,0,0,0,NA,0.085,Coop,NA
Symbolic-Compositional Best-Effort Synthesizer,./2/151.ltlf,true.ltlf,Agent,0.347,0.668,1.326,0.089,NA,2.43,Coop,NA
Symbolic-Compositional Best-Effort Synthesizer,./2/152.ltlf,true.ltlf,Agent,0.185,0.391,0.019,0.002,NA,0.597,Adv,Dom
Symbolic-Compositional Best-Effort Synthesizer,./2/153.ltlf,true.ltlf,Agent,0.229,0,0,0,NA,0.229,Adv,Dom
Symbolic-Compositional Best-Effort Synthesizer,./2/154.ltlf,true.ltlf,Agent,0.217,0.004,0,0,NA,0.221,Adv,Dom
Symbolic-Compositional Best-Effort Synthesizer,./2/155.ltlf,true.ltlf,Agent,0.337,0.992,0.34,0.017,NA,1.686,Coop,NA
Symbolic-Compositional Best-Effort Synthesizer,./2/156.ltlf,true.ltlf,Agent,0.106,0,0,0,NA,0.106,Coop,NA
Symbolic-Compositional Best-Effort Synthesizer,./2/157.ltlf,true.ltlf,Agent,0.042,0,0,0,NA,0.042,Coop,NA
Symbolic-Compositional Best-Effort Synthesizer,./2/158.ltlf,true.ltlf,Agent,0.185,0,0,0,NA,0.185,Coop,NA
Symbolic-Compositional Best-Effort Synthesizer,./2/159.ltlf,true.ltlf,Agent,0.028,0.001,0,0,NA,0.029,Adv,Dom
Symbolic-Compositional Best-Effort Synthesizer,./2/160.ltlf,true.ltlf,Agent,0.047,0,0,0,NA,0.047,Unr,Dom
Symbolic-Compositional Best-Effort Synthesizer,./2/161.ltlf,true.ltlf,Agent,0.112,0,0,0,NA,0.112,Unr,Dom
Symbolic-Compositional Best-Effort Synthesizer,./2/162.ltlf,true.ltlf,Agent,0.052,0.248,0.084,0.006,NA,0.39,Coop,NA
Symbolic-Compositional Best-Effort Synthesizer,./2/163.ltlf,true.ltlf,Agent,0.151,0,0,0,NA,0.151,Adv,Dom
Symbolic-Compositional Best-Effort Synthesizer,./2/164.ltlf,true.ltlf,Agent,0.258,0,0,0,NA,0.258,Coop,NA
Symbolic-Compositional Best-Effort Synthesizer,./2/165.ltlf,true.ltlf,Agent,0.056,0,0,0,NA,0.056,Adv,Dom
Symbolic-Compositional Best-Effort Synthesizer,./2/166.ltlf,true.ltlf,Agent,0.155,0.305,0.297,0.021,NA,0.778,Coop,NA
Symbolic-Compositional Best-Effort Synthesizer,./2/167.ltlf,true.ltlf,Agent,0.246,0.002,0,0,NA,0.248,Coop,NA
Symbolic-Compositional Best-Effort Synthesizer,./2/168.ltlf,true.ltlf,Agent,0.033,0,0,0,NA,0.033,Unr,Dom
Symbolic-Compositional Best-Effort Synthesizer,./2/169.ltlf,true.ltlf,Agent,0.094,0.001,0,0,NA,0.095,Coop,NA
Symbolic-Compositional Best-Effort Synthesizer,./2/170.ltlf,true.ltlf,Agent,0.215,0.454,0.094,0.034,NA,0.797,Coop,NA
Symbolic-Compositional Best-Effort Synthesizer,./2/171.ltlf,true.ltlf,Agent,0.163,0,0,0,NA,0.163,Adv,Dom
Symbolic-Compositional Best-Effort Synthesizer,./2/172.ltlf,true.ltlf,Agent,0.192,0,0,0,NA,0.192,Coop,NA
Symbolic-Compositional Best-Effort Synthesizer,./2/174.ltlf,true.ltlf,Agent,0.145,0,0,0,NA,0.145,Coop,NA
Symbolic-Compositional Best-Effort Synthesizer,./2/175.ltlf,true.ltlf,Agent,0.219,0,0,0,NA,0.219,Adv,Dom
Symbolic-Compositional Best-Effort Synthesizer,./2/176.ltlf,true.ltlf,Agent,0.063,0.018,0.008,0,NA,0.089,Coop,NA
Symbolic-Compositional Best-Effort Synthesizer,./2/177.ltlf,true.ltlf,Agent,0.401,0.242,0.014,0,NA,0.657,Coop,NA
Symbolic-Compositional Best-Effort Synthesizer,./2/178.ltlf,true.ltlf,Agent,0.12,0,0,0,NA,0.12,Unr,Dom
Symbolic-Compositional Best-Effort Synthesizer,./2/179.ltlf,true.ltlf,Agent,0.178,0,0,0,NA,0.178,Unr,Dom
Symbolic-Compositional Best-Effort Synthesizer,./2/181.ltlf,true.ltlf,Agent,0.081,0,0,0,NA,0.081,Coop,NA
Symbolic-Compositional Best-Effort Synthesizer,./2/182.ltlf,true.ltlf,Agent,0.059,0.007,0.001,0.001,NA,0.068,Coop,NA
Symbolic-Compositional Best-Effort Synthesizer,./2/183.ltlf,true.ltlf,Agent,0.304,1.673,6.511,2.258,NA,10.746,Coop,NA
Symbolic-Compositional Best-Effort Synthesizer,./2/185.ltlf,true.ltlf,Agent,0.176,0,0,0,NA,0.176,Unr,Dom
Symbolic-Compositional Best-Effort Synthesizer,./2/186.ltlf,true.ltlf,Agent,0.138,0.002,0,0,NA,0.14,Adv,Dom
Symbolic-Compositional Best-Effort Synthesizer,./2/187.ltlf,true.ltlf,Agent,0.216,0,0,0,NA,0.216,Unr,Dom
Symbolic-Compositional Best-Effort Synthesizer,./2/188.ltlf,true.ltlf,Agent,0.301,0.521,0.372,0.025,NA,1.219,Coop,NA
Symbolic-Compositional Best-Effort Synthesizer,./2/189.ltlf,true.ltlf,Agent,0.236,0.102,0.089,0.003,NA,0.43,Coop,NA
Symbolic-Compositional Best-Effort Synthesizer,./2/190.ltlf,true.ltlf,Agent,0.059,0.067,0.348,0.037,NA,0.511,Coop,NA
Symbolic-Compositional Best-Effort Synthesizer,./2/191.ltlf,true.ltlf,Agent,0.016,0.003,0,0,NA,0.019,Coop,NA
Symbolic-Compositional Best-Effort Synthesizer,./2/192.ltlf,true.ltlf,Agent,0.047,0.131,0.071,0.009,NA,0.258,Coop,NA
Symbolic-Compositional Best-Effort Synthesizer,./2/193.ltlf,true.ltlf,Agent,0.122,0.004,0,0,NA,0.126,Coop,NA
Symbolic-Compositional Best-Effort Synthesizer,./2/194.ltlf,true.ltlf,Agent,0.038,0,0,0,NA,0.038,Unr,Dom
Symbolic-Compositional Best-Effort Synthesizer,./2/195.ltlf,true.ltlf,Agent,0.275,0,0,0,NA,0.275,Coop,NA
Symbolic-Compositional Best-Effort Synthesizer,./2/196.ltlf,true.ltlf,Agent,0.136,0,0,0,NA,0.136,Unr,Dom
Symbolic-Compositional Best-Effort Synthesizer,./2/197.ltlf,true.ltlf,Agent,0.037,0,0,0,NA,0.037,Adv,Dom
Symbolic-Compositional Best-Effort Synthesizer,./2/198.ltlf,true.ltlf,Agent,0.13,0,0,0,NA,0.13,Unr,Dom
Symbolic-Compositional Best-Effort Synthesizer,./2/199.ltlf,true.ltlf,Agent,0.031,0,0,0,NA,0.031,Unr,Dom
Symbolic-Compositional Best-Effort Synthesizer,./2/200.ltlf,true.ltlf,Agent,0.227,0.016,0.004,0.009,NA,0.256,Coop,NA
Symbolic-Compositional Best-Effort Synthesizer,./3/001.ltlf,true.ltlf,Agent,0.176,0.059,0.03,0.002,NA,0.267,Coop,NA
Symbolic-Compositional Best-Effort Synthesizer,./3/002.ltlf,true.ltlf,Agent,0.171,0.003,0.003,0.001,NA,0.178,Coop,NA
Symbolic-Compositional Best-Effort Synthesizer,./3/003.ltlf,true.ltlf,Agent,0.115,0,0,0,NA,0.115,Adv,Dom
Symbolic-Compositional Best-Effort Synthesizer,./3/005.ltlf,true.ltlf,Agent,0.026,0.006,0.002,0,NA,0.034,Adv,Dom
Symbolic-Compositional Best-Effort Synthesizer,./3/006.ltlf,true.ltlf,Agent,0.262,0,0,0,NA,0.262,Coop,NA
Symbolic-Compositional Best-Effort Synthesizer,./3/007.ltlf,true.ltlf,Agent,0.078,0,0,0,NA,0.078,Coop,NA
Symbolic-Compositional Best-Effort Synthesizer,./3/008.ltlf,true.ltlf,Agent,4.809,21.405,3.02,0.171,NA,29.405,Coop,NA
Symbolic-Compositional Best-Effort Synthesizer,./3/009.ltlf,true.ltlf,Agent,0.103,0,0,0,NA,0.103,Unr,Dom
Symbolic-Compositional Best-Effort Synthesizer,./3/010.ltlf,true.ltlf,Agent,0.181,1.004,0.137,0.01,NA,1.332,Coop,NA
Symbolic-Compositional Best-Effort Synthesizer,./3/011.ltlf,true.ltlf,Agent,0.038,0.047,0.013,0.003,NA,0.101,Coop,NA
Symbolic-Compositional Best-Effort Synthesizer,./3/014.ltlf,true.ltlf,Agent,0.071,0,0,0,NA,0.071,Unr,Dom
Symbolic-Compositional Best-Effort Synthesizer,./3/015.ltlf,true.ltlf,Agent,0.042,0,0,0,NA,0.042,Unr,Dom
Symbolic-Compositional Best-Effort Synthesizer,./3/016.ltlf,true.ltlf,Agent,0.066,0.119,0.037,0.003,NA,0.225,Coop,NA
Symbolic-Compositional Best-Effort Synthesizer,./3/017.ltlf,true.ltlf,Agent,8.837,29.831,298.239,132.104,NA,469.011,Coop,NA
Symbolic-Compositional Best-Effort Synthesizer,./3/018.ltlf,true.ltlf,Agent,2.788,44.825,1.495,0.228,NA,49.336,Coop,NA
Symbolic-Compositional Best-Effort Synthesizer,./3/019.ltlf,true.ltlf,Agent,0.077,0.006,0.003,0.002,NA,0.088,Coop,NA
Symbolic-Compositional Best-Effort Synthesizer,./3/020.ltlf,true.ltlf,Agent,0.092,0,0,0,NA,0.092,Adv,Dom
Symbolic-Compositional Best-Effort Synthesizer,./3/021.ltlf,true.ltlf,Agent,0.139,0,0,0,NA,0.139,Coop,NA
Symbolic-Compositional Best-Effort Synthesizer,./3/022.ltlf,true.ltlf,Agent,0.098,0.002,0,0,NA,0.1,Coop,NA
Symbolic-Compositional Best-Effort Synthesizer,./3/023.ltlf,true.ltlf,Agent,0.117,0.041,0.037,0.006,NA,0.201,Coop,NA
Symbolic-Compositional Best-Effort Synthesizer,./3/024.ltlf,true.ltlf,Agent,0.163,0,0,0,NA,0.163,Coop,NA
Symbolic-Compositional Best-Effort Synthesizer,./3/025.ltlf,true.ltlf,Agent,0.137,0.007,0.001,0,NA,0.145,Adv,Dom
Symbolic-Compositional Best-Effort Synthesizer,./3/027.ltlf,true.ltlf,Agent,0.102,0,0,0,NA,0.102,Adv,Dom
Symbolic-Compositional Best-Effort Synthesizer,./3/028.ltlf,true.ltlf,Agent,0.163,0,0,0,NA,0.163,Unr,Dom
Symbolic-Compositional Best-Effort Synthesizer,./3/029.ltlf,true.ltlf,Agent,0.148,0.001,0,0,NA,0.149,Coop,NA
Symbolic-Compositional Best-Effort Synthesizer,./3/030.ltlf,true.ltlf,Agent,0.182,0.121,0.032,0.006,NA,0.341,Coop,NA
Symbolic-Compositional Best-Effort Synthesizer,./3/031.ltlf,true.ltlf,Agent,0.082,0,0,0,NA,0.082,Unr,Dom
Symbolic-Compositional Best-Effort Synthesizer,./3/033.ltlf,true.ltlf,Agent,0.235,0.016,0.016,0.003,NA,0.27,Coop,NA
Symbolic-Compositional Best-Effort Synthesizer,./3/034.ltlf,true.ltlf,Agent,0.175,0,0,0,NA,0.175,Unr,Dom
Symbolic-Compositional Best-Effort Synthesizer,./3/035.ltlf,true.ltlf,Agent,0.132,0.005,0,0,NA,0.137,Coop,NA
Symbolic-Compositional Best-Effort Synthesizer,./3/036.ltlf,true.ltlf,Agent,0.169,0,0,0,NA,0.169,Adv,Dom
Symbolic-Compositional Best-Effort Synthesizer,./3/037.ltlf,true.ltlf,Agent,0.149,0.001,0,0,NA,0.15,Coop,NA
Symbolic-Compositional Best-Effort Synthesizer,./3/039.ltlf,true.ltlf,Agent,0.293,0.001,0,0,NA,0.294,Coop,NA
Symbolic-Compositional Best-Effort Synthesizer,./3/040.ltlf,true.ltlf,Agent,0.222,0,0,0,NA,0.222,Coop,NA
Symbolic-Compositional Best-Effort Synthesizer,./3/041.ltlf,true.ltlf,Agent,0.358,0.018,0.034,0.002,NA,0.412,Coop,NA
Symbolic-Compositional Best-Effort Synthesizer,./3/042.ltlf,true.ltlf,Agent,0.387,2.604,0.348,0.019,NA,3.358,Coop,NA
Symbolic-Compositional Best-Effort Synthesizer,./3/043.ltlf,true.ltlf,Agent,0.074,0.339,1.705,0.082,NA,2.2,Coop,NA
Symbolic-Compositional Best-Effort Synthesizer,./3/044.ltlf,true.ltlf,Agent,0.169,0,0,0,NA,0.169,Unr,Dom
Symbolic-Compositional Best-Effort Synthesizer,./3/045.ltlf,true.ltlf,Agent,0.105,0,0,0,NA,0.105,Adv,Dom
Symbolic-Compositional Best-Effort Synthesizer,./3/047.ltlf,true.ltlf,Agent,0.123,0.002,0,0,NA,0.125,Coop,NA
Symbolic-Compositional Best-Effort Synthesizer,./3/048.ltlf,true.ltlf,Agent,0.063,0,0,0,NA,0.063,Unr,Dom
Symbolic-Compositional Best-Effort Synthesizer,./3/049.ltlf,true.ltlf,Agent,0.09,0.03,0.023,0.003,NA,0.146,Coop,NA
Symbolic-Compositional Best-Effort Synthesizer,./3/051.ltlf,true.ltlf,Agent,0.086,0.001,0,0,NA,0.087,Coop,NA
Symbolic-Compositional Best-Effort Synthesizer,./3/052.ltlf,true.ltlf,Agent,0.031,0.032,0.025,0.003,NA,0.091,Coop,NA
Symbolic-Compositional Best-Effort Synthesizer,./3/053.ltlf,true.ltlf,Agent,0.054,0,0,0,NA,0.054,Unr,Dom
Symbolic-Compositional Best-Effort Synthesizer,./3/056.ltlf,true.ltlf,Agent,0.057,0,0,0,NA,0.057,Unr,Dom
Symbolic-Compositional Best-Effort Synthesizer,./3/057.ltlf,true.ltlf,Agent,0.163,0,0,0,NA,0.163,Coop,NA
Symbolic-Compositional Best-Effort Synthesizer,./3/058.ltlf,true.ltlf,Agent,0.109,0,0,0,NA,0.109,Unr,Dom
Symbolic-Compositional Best-Effort Synthesizer,./3/059.ltlf,true.ltlf,Agent,0.053,0.106,0.058,0.004,NA,0.221,Coop,NA
Symbolic-Compositional Best-Effort Synthesizer,./3/060.ltlf,true.ltlf,Agent,0.06,0.423,0.11,0.017,NA,0.61,Coop,NA
Symbolic-Compositional Best-Effort Synthesizer,./3/061.ltlf,true.ltlf,Agent,0.067,0.008,0.014,0.002,NA,0.091,Coop,NA
Symbolic-Compositional Best-Effort Synthesizer,./3/062.ltlf,true.ltlf,Agent,0.192,0,0,0,NA,0.192,Unr,Dom
Symbolic-Compositional Best-Effort Synthesizer,./3/063.ltlf,true.ltlf,Agent,0.201,0,0,0,NA,0.201,Unr,Dom
Symbolic-Compositional Best-Effort Synthesizer,./3/065.ltlf,true.ltlf,Agent,0.207,0.131,0.04,0.007,NA,0.385,Coop,NA
Symbolic-Compositional Best-Effort Synthesizer,./3/067.ltlf,true.ltlf,Agent,0.201,0.067,0.014,0.003,NA,0.285,Adv,Dom
Symbolic-Compositional Best-Effort Synthesizer,./3/068.ltlf,true.ltlf,Agent,1.36,20.419,0.102,0.008,NA,21.889,Adv,Dom
Symbolic-Compositional Best-Effort Synthesizer,./3/069.ltlf,true.ltlf,Agent,0.029,0.044,0.016,0.002,NA,0.091,Adv,Dom
Symbolic-Compositional Best-Effort Synthesizer,./3/070.ltlf,true.ltlf,Agent,2.386,31.152,28.447,28.462,NA,90.447,Coop,NA
Symbolic-Compositional Best-Effort Synthesizer,./3/072.ltlf,true.ltlf,Agent,0.106,0.028,0.009,0.004,NA,0.147,Coop,NA
Symbolic-Compositional Best-Effort Synthesizer,./3/073.ltlf,true.ltlf,Agent,0.128,0,0,0,NA,0.128,Unr,Dom
Symbolic-Compositional Best-Effort Synthesizer,./3/075.ltlf,true.ltlf,Agent,0.236,3.672,0.715,0.063,NA,4.686,Coop,NA
Symbolic-Compositional Best-Effort Synthesizer,./3/076.ltlf,true.ltlf,Agent,0.113,0.543,0.524,0.045,NA,1.225,Coop,NA
Symbolic-Compositional Best-Effort Synthesizer,./3/077.ltlf,true.ltlf,Agent,0.338,1.205,0.33,0.067,NA,1.94,Coop,NA
Symbolic-Compositional Best-Effort Synthesizer,./3/078.ltlf,true.ltlf,Agent,0.111,0.007,0.008,0,NA,0.126,Coop,NA
Symbolic-Compositional Best-Effort Synthesizer,./3/079.ltlf,true.ltlf,Agent,0.133,0.011,0.001,0,NA,0.145,Adv,Dom
Symbolic-Compositional Best-Effort Synthesizer,./3/081.ltlf,true.ltlf,Agent,0.04,0,0,0,NA,0.04,Unr,Dom
Symbolic-Compositional Best-Effort Synthesizer,./3/082.ltlf,true.ltlf,Agent,0.145,0.759,1.743,0.116,NA,2.763,Coop,NA
Symbolic-Compositional Best-Effort Synthesizer,./3/083.ltlf,true.ltlf,Agent,0.72,2.071,0.287,0.034,NA,3.112,Coop,NA
Symbolic-Compositional Best-Effort Synthesizer,./3/084.ltlf,true.ltlf,Agent,0.099,0.011,0.005,0.002,NA,0.117,Coop,NA
Symbolic-Compositional Best-Effort Synthesizer,./3/085.ltlf,true.ltlf,Agent,0.075,0,0,0,NA,0.075,Coop,NA
Symbolic-Compositional Best-Effort Synthesizer,./3/086.ltlf,true.ltlf,Agent,0.195,0.002,0.001,0,NA,0.198,Coop,NA
Symbolic-Compositional Best-Effort Synthesizer,./3/087.ltlf,true.ltlf,Agent,0.034,0.056,0.038,0.002,NA,0.13,Coop,NA
Symbolic-Compositional Best-Effort Synthesizer,./3/088.ltlf,true.ltlf,Agent,0.12,0,0,0,NA,0.12,Unr,Dom
Symbolic-Compositional Best-Effort Synthesizer,./3/091.ltlf,true.ltlf,Agent,0.027,0.011,0.004,0.001,NA,0.043,Coop,NA
Symbolic-Compositional Best-Effort Synthesizer,./3/092.ltlf,true.ltlf,Agent,0.178,0.204,0.013,0.002,NA,0.397,Coop,NA
Symbolic-Compositional Best-Effort Synthesizer,./3/093.ltlf,true.ltlf,Agent,0.157,0.933,0.924,0.095,NA,2.109,Coop,NA
Symbolic-Compositional Best-Effort Synthesizer,./3/095.ltlf,true.ltlf,Agent,0.053,0.056,0.072,0.005,NA,0.186,Coop,NA
Symbolic-Compositional Best-Effort Synthesizer,./3/096.ltlf,true.ltlf,Agent,0.953,8.717,5.422,0.527,NA,15.619,Coop,NA
Symbolic-Compositional Best-Effort Synthesizer,./3/097.ltlf,true.ltlf,Agent,0.045,0,0,0,NA,0.045,Unr,Dom
Symbolic-Compositional Best-Effort Synthesizer,./3/099.ltlf,true.ltlf,Agent,0.035,0.095,0.039,0.002,NA,0.171,Coop,NA
Symbolic-Compositional Best-Effort Synthesizer,./3/100.ltlf,true.ltlf,Agent,0.077,0,0,0,NA,0.077,Unr,Dom
Symbolic-Compositional Best-Effort Synthesizer,./3/101.ltlf,true.ltlf,Agent,0.457,3.185,26.531,13.069,NA,43.242,Coop,NA
Symbolic-Compositional Best-Effort Synthesizer,./3/102.ltlf,true.ltlf,Agent,0.034,0,0,0,NA,0.034,Unr,Dom
Symbolic-Compositional Best-Effort Synthesizer,./3/103.ltlf,true.ltlf,Agent,1.166,3.69,1.274,0.073,NA,6.203,Coop,NA
Symbolic-Compositional Best-Effort Synthesizer,./3/104.ltlf,true.ltlf,Agent,0.048,0.013,0.037,0.002,NA,0.1,Coop,NA
Symbolic-Compositional Best-Effort Synthesizer,./3/105.ltlf,true.ltlf,Agent,0.12,0,0,0,NA,0.12,Unr,Dom
Symbolic-Compositional Best-Effort Synthesizer,./3/106.ltlf,true.ltlf,Agent,0.031,0.004,0,0,NA,0.035,Coop,NA
Symbolic-Compositional Best-Effort Synthesizer,./3/107.ltlf,true.ltlf,Agent,0.115,0.144,0.006,0,NA,0.265,Adv,Dom
Symbolic-Compositional Best-Effort Synthesizer,./3/108.ltlf,true.ltlf,Agent,2.913,61.238,11.844,4.584,NA,80.579,Coop,NA
Symbolic-Compositional Best-Effort Synthesizer,./3/109.ltlf,true.ltlf,Agent,0.084,0.01,0.002,0,NA,0.096,Coop,NA
Symbolic-Compositional Best-Effort Synthesizer,./3/110.ltlf,true.ltlf,Agent,0.081,0,0,0,NA,0.081,Coop,NA
Symbolic-Compositional Best-Effort Synthesizer,./3/111.ltlf,true.ltlf,Agent,0.066,0.004,0,0,NA,0.07,Coop,NA
Symbolic-Compositional Best-Effort Synthesizer,./3/112.ltlf,true.ltlf,Agent,0.126,0.386,0.334,0.069,NA,0.915,Coop,NA
Symbolic-Compositional Best-Effort Synthesizer,./3/113.ltlf,true.ltlf,Agent,0.025,0.042,0.007,0.002,NA,0.076,Coop,NA
Symbolic-Compositional Best-Effort Synthesizer,./3/114.ltlf,true.ltlf,Agent,0.186,0.978,0.327,0.037,NA,1.528,Coop,NA
Symbolic-Compositional Best-Effort Synthesizer,./3/115.ltlf,true.ltlf,Agent,0.038,0.005,0.008,0.001,NA,0.052,Coop,NA
Symbolic-Compositional Best-Effort Synthesizer,./3/116.ltlf,true.ltlf,Agent,0.038,0,0,0,NA,0.038,Coop,NA
Symbolic-Compositional Best-Effort Synthesizer,./3/117.ltlf,true.ltlf,Agent,0.057,0,0,0,NA,0.057,Unr,Dom
Symbolic-Compositional Best-Effort Synthesizer,./3/118.ltlf,true.ltlf,Agent,0.042,0.006,0.003,0,NA,0.051,Coop,NA
Symbolic-Compositional Best-Effort Synthesizer,./3/119.ltlf,true.ltlf,Agent,0.038,0.001,0,0,NA,0.039,Coop,NA
Symbolic-Compositional Best-Effort Synthesizer,./3/120.ltlf,true.ltlf,Agent,0.05,0,0,0,NA,0.05,Unr,Dom
Symbolic-Compositional Best-Effort Synthesizer,./3/121.ltlf,true.ltlf,Agent,0.639,3.951,25.734,13.431,NA,43.755,Coop,NA
Symbolic-Compositional Best-Effort Synthesizer,./3/122.ltlf,true.ltlf,Agent,0.107,0.226,0.087,0.015,NA,0.435,Coop,NA
Symbolic-Compositional Best-Effort Synthesizer,./3/123.ltlf,true.ltlf,Agent,0.05,0.051,0.004,0,NA,0.105,Adv,Dom
Symbolic-Compositional Best-Effort Synthesizer,./3/124.ltlf,true.ltlf,Agent,0.135,0.055,0.006,0.002,NA,0.198,Coop,NA
Symbolic-Compositional Best-Effort Synthesizer,./3/125.ltlf,true.ltlf,Agent,0.061,0.045,0.053,0.005,NA,0.164,Coop,NA
Symbolic-Compositional Best-Effort Synthesizer,./3/126.ltlf,true.ltlf,Agent,0.07,0,0,0,NA,0.07,Unr,Dom
Symbolic-Compositional Best-Effort Synthesizer,./3/127.ltlf,true.ltlf,Agent,0.082,0.388,0.207,0.035,NA,0.712,Coop,NA
Symbolic-Compositional Best-Effort Synthesizer,./3/128.ltlf,true.ltlf,Agent,0.136,0.173,0.431,0.048,NA,0.788,Coop,NA
Symbolic-Compositional Best-Effort Synthesizer,./3/129.ltlf,true.ltlf,Agent,0.118,0,0,0,NA,0.118,Unr,Dom
Symbolic-Compositional Best-Effort Synthesizer,./3/130.ltlf,true.ltlf,Agent,0.14,0.341,0.609,0.045,NA,1.135,Coop,NA
Symbolic-Compositional Best-Effort Synthesizer,./3/131.ltlf,true.ltlf,Agent,0.104,0.001,0,0,NA,0.105,Coop,NA
Symbolic-Compositional Best-Effort Synthesizer,./3/133.ltlf,true.ltlf,Agent,0.946,4.917,0.41,0.077,NA,6.35,Coop,NA
Symbolic-Compositional Best-Effort Synthesizer,./3/135.ltlf,true.ltlf,Agent,0.081,0,0,0,NA,0.081,Unr,Dom
Symbolic-Compositional Best-Effort Synthesizer,./3/136.ltlf,true.ltlf,Agent,0.136,0.055,0.006,0,NA,0.197,Coop,NA
Symbolic-Compositional Best-Effort Synthesizer,./3/137.ltlf,true.ltlf,Agent,0.022,0.001,0,0,NA,0.023,Coop,NA
Symbolic-Compositional Best-Effort Synthesizer,./3/138.ltlf,true.ltlf,Agent,0.098,0,0,0,NA,0.098,Unr,Dom
Symbolic-Compositional Best-Effort Synthesizer,./3/139.ltlf,true.ltlf,Agent,0.163,0,0,0,NA,0.163,Coop,NA
Symbolic-Compositional Best-Effort Synthesizer,./3/140.ltlf,true.ltlf,Agent,0.039,0.001,0,0,NA,0.04,Coop,NA
Symbolic-Compositional Best-Effort Synthesizer,./3/141.ltlf,true.ltlf,Agent,0.143,0.262,0.379,0.026,NA,0.81,Coop,NA
Symbolic-Compositional Best-Effort Synthesizer,./3/142.ltlf,true.ltlf,Agent,0.047,0.012,0.034,0.005,NA,0.098,Coop,NA
Symbolic-Compositional Best-Effort Synthesizer,./3/144.ltlf,true.ltlf,Agent,0.279,0.556,0.226,0.012,NA,1.073,Coop,NA
Symbolic-Compositional Best-Effort Synthesizer,./3/145.ltlf,true.ltlf,Agent,0.027,0.013,0.005,0.001,NA,0.046,Coop,NA
Symbolic-Compositional Best-Effort Synthesizer,./3/146.ltlf,true.ltlf,Agent,0.62,10.157,1.918,0.147,NA,12.842,Coop,NA
Symbolic-Compositional Best-Effort Synthesizer,./3/147.ltlf,true.ltlf,Agent,0.11,0.014,0.014,0.004,NA,0.142,Coop,NA
Symbolic-Compositional Best-Effort Synthesizer,./3/148.ltlf,true.ltlf,Agent,0.06,0.01,0.004,0,NA,0.074,Coop,NA
Symbolic-Compositional Best-Effort Synthesizer,./3/149.ltlf,true.ltlf,Agent,12.399,48.654,248.726,99.836,NA,409.615,Coop,NA
Symbolic-Compositional Best-Effort Synthesizer,./3/150.ltlf,true.ltlf,Agent,0.159,0,0,0,NA,0.159,Adv,Dom
Symbolic-Compositional Best-Effort Synthesizer,./3/151.ltlf,true.ltlf,Agent,0.088,0.003,0.001,0,NA,0.092,Coop,NA
Symbolic-Compositional Best-Effort Synthesizer,./3/152.ltlf,true.ltlf,Agent,0.067,0.002,0,0,NA,0.069,Adv,Dom
Symbolic-Compositional Best-Effort Synthesizer,./3/153.ltlf,true.ltlf,Agent,0.028,0.047,0.122,0.01,NA,0.207,Coop,NA
Symbolic-Compositional Best-Effort Synthesizer,./3/154.ltlf,true.ltlf,Agent,0.089,0.071,0.037,0.008,NA,0.205,Coop,NA
Symbolic-Compositional Best-Effort Synthesizer,./3/155.ltlf,true.ltlf,Agent,1.45,23.295,17.411,6.908,NA,49.064,Coop,NA
Symbolic-Compositional Best-Effort Synthesizer,./3/156.ltlf,true.ltlf,Agent,0.073,0.002,0,0,NA,0.075,Coop,NA
Symbolic-Compositional Best-Effort Synthesizer,./3/157.ltlf,true.ltlf,Agent,0.115,0.293,0.415,0.04,NA,0.863,Coop,NA
Symbolic-Compositional Best-Effort Synthesizer,./3/158.ltlf,true.ltlf,Agent,0.079,0.523,0.015,0.001,NA,0.618,Adv,Dom
Symbolic-Compositional Best-Effort Synthesizer,./3/159.ltlf,true.ltlf,Agent,0.038,0.001,0,0,NA,0.039,Coop,NA
Symbolic-Compositional Best-Effort Synthesizer,./3/160.ltlf,true.ltlf,Agent,0.142,0,0,0,NA,0.142,Unr,Dom
Symbolic-Compositional Best-Effort Synthesizer,./3/161.ltlf,true.ltlf,Agent,0.077,0,0,0,NA,0.077,Adv,Dom
Symbolic-Compositional Best-Effort Synthesizer,./3/162.ltlf,true.ltlf,Agent,0.034,0,0,0,NA,0.034,Unr,Dom
Symbolic-Compositional Best-Effort Synthesizer,./3/163.ltlf,true.ltlf,Agent,0.034,0.006,0.004,0,NA,0.044,Coop,NA
Symbolic-Compositional Best-Effort Synthesizer,./3/164.ltlf,true.ltlf,Agent,0.131,0.061,0.032,0.005,NA,0.229,Coop,NA
Symbolic-Compositional Best-Effort Synthesizer,./3/165.ltlf,true.ltlf,Agent,0.045,0,0,0,NA,0.045,Unr,Dom
Symbolic-Compositional Best-Effort Synthesizer,./3/168.ltlf,true.ltlf,Agent,0.059,0,0,0,NA,0.059,Unr,Dom
Symbolic-Compositional Best-Effort Synthesizer,./3/170.ltlf,true.ltlf,Agent,0.681,19.515,1.746,0.127,NA,22.069,Coop,NA
Symbolic-Compositional Best-Effort Synthesizer,./3/171.ltlf,true.ltlf,Agent,0.109,0.003,0.003,0.001,NA,0.116,Coop,NA
Symbolic-Compositional Best-Effort Synthesizer,./3/172.ltlf,true.ltlf,Agent,0.417,16.033,28.421,20.226,NA,65.097,Coop,NA
Symbolic-Compositional Best-Effort Synthesizer,./3/173.ltlf,true.ltlf,Agent,0.09,0,0,0,NA,0.09,Unr,Dom
Symbolic-Compositional Best-Effort Synthesizer,./3/175.ltlf,true.ltlf,Agent,0.206,1.138,3.802,0.296,NA,5.442,Coop,NA
Symbolic-Compositional Best-Effort Synthesizer,./3/177.ltlf,true.ltlf,Agent,0.11,0.05,0.049,0.004,NA,0.213,Coop,NA
Symbolic-Compositional Best-Effort Synthesizer,./3/178.ltlf,true.ltlf,Agent,0.083,0,0,0,NA,0.083,Unr,Dom
Symbolic-Compositional Best-Effort Synthesizer,./3/180.ltlf,true.ltlf,Agent,0.545,3.378,0.44,0.106,NA,4.469,Adv,Dom
Symbolic-Compositional Best-Effort Synthesizer,./3/181.ltlf,true.ltlf,Agent,0.054,0,0,0,NA,0.054,Coop,NA
Symbolic-Compositional Best-Effort Synthesizer,./3/182.ltlf,true.ltlf,Agent,0.049,0.251,0.084,0.006,NA,0.39,Coop,NA
Symbolic-Compositional Best-Effort Synthesizer,./3/184.ltlf,true.ltlf,Agent,0.147,3.988,2.743,0.241,NA,7.119,Coop,NA
Symbolic-Compositional Best-Effort Synthesizer,./3/185.ltlf,true.ltlf,Agent,0.064,0,0,0,NA,0.064,Unr,Dom
Symbolic-Compositional Best-Effort Synthesizer,./3/186.ltlf,true.ltlf,Agent,0.226,0.381,0.012,0.004,NA,0.623,Coop,NA
Symbolic-Compositional Best-Effort Synthesizer,./3/187.ltlf,true.ltlf,Agent,0.13,0.001,0,0,NA,0.131,Coop,NA
Symbolic-Compositional Best-Effort Synthesizer,./3/188.ltlf,true.ltlf,Agent,0.079,0,0,0,NA,0.079,Coop,NA
Symbolic-Compositional Best-Effort Synthesizer,./3/189.ltlf,true.ltlf,Agent,0.165,0.037,0.027,0.006,NA,0.235,Coop,NA
Symbolic-Compositional Best-Effort Synthesizer,./3/190.ltlf,true.ltlf,Agent,0.167,0,0,0,NA,0.167,Adv,Dom
Symbolic-Compositional Best-Effort Synthesizer,./3/191.ltlf,true.ltlf,Agent,0.093,0,0,0,NA,0.093,Coop,NA
Symbolic-Compositional Best-Effort Synthesizer,./3/192.ltlf,true.ltlf,Agent,0.128,0,0,0,NA,0.128,Adv,Dom
Symbolic-Compositional Best-Effort Synthesizer,./3/193.ltlf,true.ltlf,Agent,0.161,0,0,0,NA,0.161,Unr,Dom
Symbolic-Compositional Best-Effort Synthesizer,./3/194.ltlf,true.ltlf,Agent,0.121,0.594,1.712,0.137,NA,2.564,Coop,NA
Symbolic-Compositional Best-Effort Synthesizer,./3/195.ltlf,true.ltlf,Agent,0.054,0,0,0,NA,0.054,Unr,Dom
Symbolic-Compositional Best-Effort Synthesizer,./3/196.ltlf,true.ltlf,Agent,0.075,0.002,0.001,0,NA,0.078,Coop,NA
Symbolic-Compositional Best-Effort Synthesizer,./3/197.ltlf,true.ltlf,Agent,0.101,0,0,0,NA,0.101,Coop,NA
Symbolic-Compositional Best-Effort Synthesizer,./3/198.ltlf,true.ltlf,Agent,0.122,0.214,0.018,0.002,NA,0.356,Coop,NA
Symbolic-Compositional Best-Effort Synthesizer,./3/199.ltlf,true.ltlf,Agent,0.047,0.002,0.001,0,NA,0.05,Coop,NA
Symbolic-Compositional Best-Effort Synthesizer,./3/200.ltlf,true.ltlf,Agent,0.097,0.206,0.019,0.001,NA,0.323,Coop,NA
Symbolic-Compositional Best-Effort Synthesizer,./4/001.ltlf,true.ltlf,Agent,0.053,0.076,0.1,0.007,NA,0.236,Coop,NA
Symbolic-Compositional Best-Effort Synthesizer,./4/002.ltlf,true.ltlf,Agent,0.084,0,0,0,NA,0.084,Unr,Dom
Symbolic-Compositional Best-Effort Synthesizer,./4/003.ltlf,true.ltlf,Agent,0.112,0.034,0.003,0,NA,0.149,Adv,Dom
Symbolic-Compositional Best-Effort Synthesizer,./4/004.ltlf,true.ltlf,Agent,0.082,0,0,0,NA,0.082,Unr,Dom
Symbolic-Compositional Best-Effort Synthesizer,./4/005.ltlf,true.ltlf,Agent,0.785,4.312,1.728,0.078,NA,6.903,Coop,NA
Symbolic-Compositional Best-Effort Synthesizer,./4/006.ltlf,true.ltlf,Agent,0.266,0.001,0,0,NA,0.267,Coop,NA
Symbolic-Compositional Best-Effort Synthesizer,./4/007.ltlf,true.ltlf,Agent,0.111,0.018,0.015,0.004,NA,0.148,Coop,NA
Symbolic-Compositional Best-Effort Synthesizer,./4/008.ltlf,true.ltlf,Agent,0.187,0.289,0.71,0.047,NA,1.233,Coop,NA
Symbolic-Compositional Best-Effort Synthesizer,./4/009.ltlf,true.ltlf,Agent,0.368,0.359,0.192,0.06,NA,0.979,Coop,NA
Symbolic-Compositional Best-Effort Synthesizer,./4/010.ltlf,true.ltlf,Agent,2.646,58.618,77.28,59.483,NA,198.027,Coop,NA
Symbolic-Compositional Best-Effort Synthesizer,./4/011.ltlf,true.ltlf,Agent,0.126,0.024,0.03,0.018,NA,0.198,Coop,NA
Symbolic-Compositional Best-Effort Synthesizer,./4/013.ltlf,true.ltlf,Agent,0.076,0,0,0,NA,0.076,Unr,Dom
Symbolic-Compositional Best-Effort Synthesizer,./4/014.ltlf,true.ltlf,Agent,0.125,0.714,0.611,0.106,NA,1.556,Coop,NA
Symbolic-Compositional Best-Effort Synthesizer,./4/015.ltlf,true.ltlf,Agent,0.182,0.454,5.042,0.42,NA,6.098,Coop,NA
Symbolic-Compositional Best-Effort Synthesizer,./4/017.ltlf,true.ltlf,Agent,0.102,0.001,0,0,NA,0.103,Coop,NA
Symbolic-Compositional Best-Effort Synthesizer,./4/018.ltlf,true.ltlf,Agent,0.397,6.519,8.118,3.516,NA,18.55,Coop,NA
Symbolic-Compositional Best-Effort Synthesizer,./4/019.ltlf,true.ltlf,Agent,0.102,0.327,0.098,0.007,NA,0.534,Coop,NA
Symbolic-Compositional Best-Effort Synthesizer,./4/020.ltlf,true.ltlf,Agent,0.081,0.001,0,0,NA,0.082,Coop,NA
Symbolic-Compositional Best-Effort Synthesizer,./4/022.ltlf,true.ltlf,Agent,0.093,0,0,0,NA,0.093,Unr,Dom
Symbolic-Compositional Best-Effort Synthesizer,./4/023.ltlf,true.ltlf,Agent,0.118,0,0,0,NA,0.118,Unr,Dom
Symbolic-Compositional Best-Effort Synthesizer,./4/024.ltlf,true.ltlf,Agent,0.032,0.042,0.014,0.003,NA,0.091,Coop,NA
Symbolic-Compositional Best-Effort Synthesizer,./4/025.ltlf,true.ltlf,Agent,0.09,0.321,0.278,0.014,NA,0.703,Coop,NA
Symbolic-Compositional Best-Effort Synthesizer,./4/026.ltlf,true.ltlf,Agent,0.06,0,0,0,NA,0.06,Unr,Dom
Symbolic-Compositional Best-Effort Synthesizer,./4/027.ltlf,true.ltlf,Agent,0.049,0,0,0,NA,0.049,Unr,Dom
Symbolic-Compositional Best-Effort Synthesizer,./4/028.ltlf,true.ltlf,Agent,0.061,0.011,0.015,0.002,NA,0.089,Coop,NA
Symbolic-Compositional Best-Effort Synthesizer,./4/029.ltlf,true.ltlf,Agent,0.158,0,0,0,NA,0.158,Coop,NA
Symbolic-Compositional Best-Effort Synthesizer,./4/030.ltlf,true.ltlf,Agent,0.053,0.009,0.002,0.001,NA,0.065,Coop,NA
Symbolic-Compositional Best-Effort Synthesizer,./4/032.ltlf,true.ltlf,Agent,0.08,0.094,0.194,0.012,NA,0.38,Coop,NA
Symbolic-Compositional Best-Effort Synthesizer,./4/033.ltlf,true.ltlf,Agent,0.281,2.661,2.596,0.185,NA,5.723,Coop,NA
Symbolic-Compositional Best-Effort Synthesizer,./4/034.ltlf,true.ltlf,Agent,0.039,0,0,0,NA,0.039,Unr,Dom
Symbolic-Compositional Best-Effort Synthesizer,./4/036.ltlf,true.ltlf,Agent,0.121,0.256,0.248,0.016,NA,0.641,Coop,NA
Symbolic-Compositional Best-Effort Synthesizer,./4/037.ltlf,true.ltlf,Agent,0.115,0.048,0.013,0.007,NA,0.183,Coop,NA
Symbolic-Compositional Best-Effort Synthesizer,./4/038.ltlf,true.ltlf,Agent,0.312,2.84,26.553,8.878,NA,38.583,Coop,NA
Symbolic-Compositional Best-Effort Synthesizer,./4/039.ltlf,true.ltlf,Agent,0.095,0,0,0,NA,0.095,Unr,Dom
Symbolic-Compositional Best-Effort Synthesizer,./4/041.ltlf,true.ltlf,Agent,0.116,0.445,1.063,0.06,NA,1.684,Coop,NA
Symbolic-Compositional Best-Effort Synthesizer,./4/042.ltlf,true.ltlf,Agent,0.319,9.987,43.55,37.45,NA,91.306,Coop,NA
Symbolic-Compositional Best-Effort Synthesizer,./4/043.ltlf,true.ltlf,Agent,0.103,0.006,0.005,0.001,NA,0.115,Coop,NA
Symbolic-Compositional Best-Effort Synthesizer,./4/044.ltlf,true.ltlf,Agent,8.169,283.794,23.083,8.591,NA,323.637,Coop,NA
Symbolic-Compositional Best-Effort Synthesizer,./4/046.ltlf,true.ltlf,Agent,0.144,0,0,0,NA,0.144,Unr,Dom
Symbolic-Compositional Best-Effort Synthesizer,./4/047.ltlf,true.ltlf,Agent,0.091,0.011,0.001,0,NA,0.103,Coop,NA
Symbolic-Compositional Best-Effort Synthesizer,./4/048.ltlf,true.ltlf,Agent,3.581,25.308,5.877,4.358,NA,39.124,Coop,NA
Symbolic-Compositional Best-Effort Synthesizer,./4/049.ltlf,true.ltlf,Agent,0.093,0.004,0.002,0,NA,0.099,Coop,NA
Symbolic-Compositional Best-Effort Synthesizer,./4/050.ltlf,true.ltlf,Agent,0.122,0.258,0.018,0.004,NA,0.402,Coop,NA
Symbolic-Compositional Best-Effort Synthesizer,./4/052.ltlf,true.ltlf,Agent,0.666,12.291,110.009,53.056,NA,176.022,Coop,NA
Symbolic-Compositional Best-Effort Synthesizer,./4/053.ltlf,true.ltlf,Agent,0.13,0.71,0.803,0.039,NA,1.682,Coop,NA
Symbolic-Compositional Best-Effort Synthesizer,./4/054.ltlf,true.ltlf,Agent,0.077,0.006,0,0,NA,0.083,Coop,NA
Symbolic-Compositional Best-Effort Synthesizer,./4/055.ltlf,true.ltlf,Agent,0.063,0.031,0.007,0.003,NA,0.104,Coop,NA
Symbolic-Compositional Best-Effort Synthesizer,./4/056.ltlf,true.ltlf,Agent,0.052,0.048,0.067,0.004,NA,0.171,Coop,NA
Symbolic-Compositional Best-Effort Synthesizer,./4/058.ltlf,true.ltlf,Agent,0.088,0,0,0,NA,0.088,Unr,Dom
Symbolic-Compositional Best-Effort Synthesizer,./4/059.ltlf,true.ltlf,Agent,0.134,0.063,0.003,0.002,NA,0.202,Coop,NA
Symbolic-Compositional Best-Effort Synthesizer,./4/060.ltlf,true.ltlf,Agent,0.111,0,0,0,NA,0.111,Unr,Dom
Symbolic-Compositional Best-Effort Synthesizer,./4/061.ltlf,true.ltlf,Agent,0.097,0,0,0,NA,0.097,Coop,NA
Symbolic-Compositional Best-Effort Synthesizer,./4/062.ltlf,true.ltlf,Agent,13.006,218.729,141.298,67.177,NA,440.21,Coop,NA
Symbolic-Compositional Best-Effort Synthesizer,./4/063.ltlf,true.ltlf,Agent,0.1,0.005,0.001,0.001,NA,0.107,Coop,NA
Symbolic-Compositional Best-Effort Synthesizer,./4/064.ltlf,true.ltlf,Agent,0.09,0,0,0,NA,0.09,Unr,Dom
Symbolic-Compositional Best-Effort Synthesizer,./4/065.ltlf,true.ltlf,Agent,0.158,0,0,0,NA,0.158,Coop,NA
Symbolic-Compositional Best-Effort Synthesizer,./4/066.ltlf,true.ltlf,Agent,0.134,0.016,0.035,0.002,NA,0.187,Coop,NA
Symbolic-Compositional Best-Effort Synthesizer,./4/068.ltlf,true.ltlf,Agent,0.097,0.01,0.002,0,NA,0.109,Coop,NA
Symbolic-Compositional Best-Effort Synthesizer,./4/069.ltlf,true.ltlf,Agent,0.063,0.001,0,0,NA,0.064,Coop,NA
Symbolic-Compositional Best-Effort Synthesizer,./4/072.ltlf,true.ltlf,Agent,0.137,0,0,0,NA,0.137,Unr,Dom
Symbolic-Compositional Best-Effort Synthesizer,./4/073.ltlf,true.ltlf,Agent,0.039,0.02,0.015,0.002,NA,0.076,Coop,NA
Symbolic-Compositional Best-Effort Synthesizer,./4/074.ltlf,true.ltlf,Agent,0.152,0.004,0.003,0,NA,0.159,Coop,NA
Symbolic-Compositional Best-Effort Synthesizer,./4/075.ltlf,true.ltlf,Agent,0.126,0.006,0,0,NA,0.132,Coop,NA
Symbolic-Compositional Best-Effort Synthesizer,./4/076.ltlf,true.ltlf,Agent,0.134,0,0,0,NA,0.134,Unr,Dom
Symbolic-Compositional Best-Effort Synthesizer,./4/077.ltlf,true.ltlf,Agent,0.039,0.022,0.002,0.001,NA,0.064,Coop,NA
Symbolic-Compositional Best-Effort Synthesizer,./4/078.ltlf,true.ltlf,Agent,0.144,0,0,0,NA,0.144,Coop,NA
Symbolic-Compositional Best-Effort Synthesizer,./4/079.ltlf,true.ltlf,Agent,0.113,0.049,0.007,0.006,NA,0.175,Coop,NA
Symbolic-Compositional Best-Effort Synthesizer,./4/080.ltlf,true.ltlf,Agent,0.954,3.605,0.409,0.029,NA,4.997,Coop,NA
Symbolic-Compositional Best-Effort Synthesizer,./4/081.ltlf,true.ltlf,Agent,0.067,0.128,0.422,0.039,NA,0.656,Coop,NA
Symbolic-Compositional Best-Effort Synthesizer,./4/082.ltlf,true.ltlf,Agent,0.066,0.021,0.041,0.003,NA,0.131,Coop,NA
Symbolic-Compositional Best-Effort Synthesizer,./4/083.ltlf,true.ltlf,Agent,0.073,0,0,0,NA,0.073,Coop,NA
Symbolic-Compositional Best-Effort Synthesizer,./4/085.ltlf,true.ltlf,Agent,0.102,0.001,0.001,0,NA,0.104,Coop,NA
Symbolic-Compositional Best-Effort Synthesizer,./4/088.ltlf,true.ltlf,Agent,0.09,0,0,0,NA,0.09,Unr,Dom
Symbolic-Compositional Best-Effort Synthesizer,./4/089.ltlf,true.ltlf,Agent,0.065,0.005,0.001,0,NA,0.071,Coop,NA
Symbolic-Compositional Best-Effort Synthesizer,./4/090.ltlf,true.ltlf,Agent,0.092,0.192,0.563,0.044,NA,0.891,Coop,NA
Symbolic-Compositional Best-Effort Synthesizer,./4/094.ltlf,true.ltlf,Agent,0.134,0.013,0.003,0.002,NA,0.152,Coop,NA
Symbolic-Compositional Best-Effort Synthesizer,./4/095.ltlf,true.ltlf,Agent,2.73,13.35,19.107,9.186,NA,44.373,Coop,NA
Symbolic-Compositional Best-Effort Synthesizer,./4/096.ltlf,true.ltlf,Agent,0.553,5.477,48.257,20.499,NA,74.786,Coop,NA
Symbolic-Compositional Best-Effort Synthesizer,./4/097.ltlf,true.ltlf,Agent,0.09,0.001,0,0,NA,0.091,Coop,NA
Symbolic-Compositional Best-Effort Synthesizer,./4/098.ltlf,true.ltlf,Agent,0.025,0.012,0.003,0.001,NA,0.041,Adv,Dom
Symbolic-Compositional Best-Effort Synthesizer,./4/099.ltlf,true.ltlf,Agent,0.042,0.179,0.281,0.025,NA,0.527,Coop,NA
Symbolic-Compositional Best-Effort Synthesizer,./4/100.ltlf,true.ltlf,Agent,0.073,0.049,0.008,0.003,NA,0.133,Coop,NA
Symbolic-Compositional Best-Effort Synthesizer,./4/102.ltlf,true.ltlf,Agent,0.107,0.01,0.004,0,NA,0.121,Coop,NA
Symbolic-Compositional Best-Effort Synthesizer,./4/103.ltlf,true.ltlf,Agent,0.074,0.001,0,0,NA,0.075,Coop,NA
Symbolic-Compositional Best-Effort Synthesizer,./4/104.ltlf,true.ltlf,Agent,0.097,0.012,0.002,0.001,NA,0.112,Coop,NA
Symbolic-Compositional Best-Effort Synthesizer,./4/105.ltlf,true.ltlf,Agent,0.072,0.039,0.044,0.002,NA,0.157,Coop,NA
Symbolic-Compositional Best-Effort Synthesizer,./4/106.ltlf,true.ltlf,Agent,5.635,48.432,630.4,293.446,NA,977.913,Coop,NA
Symbolic-Compositional Best-Effort Synthesizer,./4/107.ltlf,true.ltlf,Agent,0.104,0.001,0,0,NA,0.105,Adv,Dom
Symbolic-Compositional Best-Effort Synthesizer,./4/108.ltlf,true.ltlf,Agent,0.073,0.116,0.304,0.036,NA,0.529,Coop,NA
Symbolic-Compositional Best-Effort Synthesizer,./4/109.ltlf,true.ltlf,Agent,0.14,0.004,0.005,0.002,NA,0.151,Coop,NA
Symbolic-Compositional Best-Effort Synthesizer,./4/110.ltlf,true.ltlf,Agent,0.996,5.779,2.638,0.128,NA,9.541,Coop,NA
Symbolic-Compositional Best-Effort Synthesizer,./4/111.ltlf,true.ltlf,Agent,0.068,0,0,0,NA,0.068,Unr,Dom
Symbolic-Compositional Best-Effort Synthesizer,./4/112.ltlf,true.ltlf,Agent,0.18,0.001,0,0,NA,0.181,Coop,NA
Symbolic-Compositional Best-Effort Synthesizer,./4/114.ltlf,true.ltlf,Agent,0.126,0,0,0,NA,0.126,Coop,NA
Symbolic-Compositional Best-Effort Synthesizer,./4/115.ltlf,true.ltlf,Agent,0.127,0.009,0.004,0.001,NA,0.141,Coop,NA
Symbolic-Compositional Best-Effort Synthesizer,./4/116.ltlf,true.ltlf,Agent,0.063,0.045,0.03,0.002,NA,0.14,Adv,Dom
Symbolic-Compositional Best-Effort Synthesizer,./4/117.ltlf,true.ltlf,Agent,0.186,0.009,0.004,0.001,NA,0.2,Coop,NA
Symbolic-Compositional Best-Effort Synthesizer,./4/118.ltlf,true.ltlf,Agent,0.043,0.01,0.003,0,NA,0.056,Coop,NA
Symbolic-Compositional Best-Effort Synthesizer,./4/119.ltlf,true.ltlf,Agent,0.119,0,0,0,NA,0.119,Unr,Dom
Symbolic-Compositional Best-Effort Synthesizer,./4/120.ltlf,true.ltlf,Agent,0.119,0,0,0,NA,0.119,Adv,Dom
Symbolic-Compositional Best-Effort Synthesizer,./4/122.ltlf,true.ltlf,Agent,0.096,0,0,0,NA,0.096,Unr,Dom
Symbolic-Compositional Best-Effort Synthesizer,./4/123.ltlf,true.ltlf,Agent,0.106,0.057,0.038,0.006,NA,0.207,Coop,NA
Symbolic-Compositional Best-Effort Synthesizer,./4/125.ltlf,true.ltlf,Agent,0.251,0.178,0.99,0.15,NA,1.569,Coop,NA
Symbolic-Compositional Best-Effort Synthesizer,./4/127.ltlf,true.ltlf,Agent,0.13,0.662,0.638,0.05,NA,1.48,Coop,NA
Symbolic-Compositional Best-Effort Synthesizer,./4/128.ltlf,true.ltlf,Agent,0.108,0,0,0,NA,0.108,Coop,NA
Symbolic-Compositional Best-Effort Synthesizer,./4/129.ltlf,true.ltlf,Agent,0.132,0,0,0,NA,0.132,Coop,NA
Symbolic-Compositional Best-Effort Synthesizer,./4/130.ltlf,true.ltlf,Agent,0.113,0,0,0,NA,0.113,Unr,Dom
Symbolic-Compositional Best-Effort Synthesizer,./4/133.ltlf,true.ltlf,Agent,0.064,0,0,0,NA,0.064,Unr,Dom
Symbolic-Compositional Best-Effort Synthesizer,./4/134.ltlf,true.ltlf,Agent,0.137,0.166,0.205,0.019,NA,0.527,Coop,NA
Symbolic-Compositional Best-Effort Synthesizer,./4/135.ltlf,true.ltlf,Agent,0.129,0.195,0.501,0.042,NA,0.867,Coop,NA
Symbolic-Compositional Best-Effort Synthesizer,./4/136.ltlf,true.ltlf,Agent,0.081,0.028,0.015,0.007,NA,0.131,Coop,NA
Symbolic-Compositional Best-Effort Synthesizer,./4/137.ltlf,true.ltlf,Agent,0.126,0,0,0,NA,0.126,Adv,Dom
Symbolic-Compositional Best-Effort Synthesizer,./4/138.ltlf,true.ltlf,Agent,1.065,5.32,1.36,0.214,NA,7.959,Coop,NA
Symbolic-Compositional Best-Effort Synthesizer,./4/139.ltlf,true.ltlf,Agent,0.104,0,0,0,NA,0.104,Coop,NA
Symbolic-Compositional Best-Effort Synthesizer,./4/140.ltlf,true.ltlf,Agent,0.139,0,0,0,NA,0.139,Coop,NA
Symbolic-Compositional Best-Effort Synthesizer,./4/141.ltlf,true.ltlf,Agent,0.18,0,0,0,NA,0.18,Coop,NA
Symbolic-Compositional Best-Effort Synthesizer,./4/142.ltlf,true.ltlf,Agent,5.837,283.376,89.324,83.661,NA,462.198,Coop,NA
Symbolic-Compositional Best-Effort Synthesizer,./4/143.ltlf,true.ltlf,Agent,0.13,0.002,0.001,0,NA,0.133,Coop,NA
Symbolic-Compositional Best-Effort Synthesizer,./4/144.ltlf,true.ltlf,Agent,0.062,0,0,0,NA,0.062,Unr,Dom
Symbolic-Compositional Best-Effort Synthesizer,./4/145.ltlf,true.ltlf,Agent,0.091,0.026,0.029,0.002,NA,0.148,Adv,Dom
Symbolic-Compositional Best-Effort Synthesizer,./4/147.ltlf,true.ltlf,Agent,0.05,0.552,0.13,0.019,NA,0.751,Coop,NA
Symbolic-Compositional Best-Effort Synthesizer,./4/149.ltlf,true.ltlf,Agent,0.65,5.165,37.591,16.121,NA,59.527,Coop,NA
Symbolic-Compositional Best-Effort Synthesizer,./4/151.ltlf,true.ltlf,Agent,0.052,0,0,0,NA,0.052,Unr,Dom
Symbolic-Compositional Best-Effort Synthesizer,./4/152.ltlf,true.ltlf,Agent,0.1,0.083,0.192,0.016,NA,0.391,Coop,NA
Symbolic-Compositional Best-Effort Synthesizer,./4/154.ltlf,true.ltlf,Agent,0.081,0.019,0.022,0.003,NA,0.125,Coop,NA
Symbolic-Compositional Best-Effort Synthesizer,./4/155.ltlf,true.ltlf,Agent,0.048,0,0,0,NA,0.048,Unr,Dom
Symbolic-Compositional Best-Effort Synthesizer,./4/156.ltlf,true.ltlf,Agent,0.112,0.035,0.057,0.007,NA,0.211,Coop,NA
Symbolic-Compositional Best-Effort Synthesizer,./4/157.ltlf,true.ltlf,Agent,0.201,2.388,16.873,8.186,NA,27.648,Coop,NA
Symbolic-Compositional Best-Effort Synthesizer,./4/158.ltlf,true.ltlf,Agent,1.207,12.718,119.801,58.8,NA,192.526,Coop,NA
Symbolic-Compositional Best-Effort Synthesizer,./4/159.ltlf,true.ltlf,Agent,0.092,0,0,0,NA,0.092,Unr,Dom
Symbolic-Compositional Best-Effort Synthesizer,./4/160.ltlf,true.ltlf,Agent,0.09,0,0,0,NA,0.09,Unr,Dom
Symbolic-Compositional Best-Effort Synthesizer,./4/161.ltlf,true.ltlf,Agent,0.123,0.002,0.001,0,NA,0.126,Coop,NA
Symbolic-Compositional Best-Effort Synthesizer,./4/162.ltlf,true.ltlf,Agent,0.059,0,0,0,NA,0.059,Unr,Dom
Symbolic-Compositional Best-Effort Synthesizer,./4/163.ltlf,true.ltlf,Agent,0.146,0,0,0,NA,0.146,Adv,Dom
Symbolic-Compositional Best-Effort Synthesizer,./4/164.ltlf,true.ltlf,Agent,0.094,0.077,0.06,0.009,NA,0.24,Coop,NA
Symbolic-Compositional Best-Effort Synthesizer,./4/165.ltlf,true.ltlf,Agent,0.06,0.054,0.064,0.006,NA,0.184,Coop,NA
Symbolic-Compositional Best-Effort Synthesizer,./4/167.ltlf,true.ltlf,Agent,0.078,0,0,0,NA,0.078,Unr,Dom
Symbolic-Compositional Best-Effort Synthesizer,./4/168.ltlf,true.ltlf,Agent,0.873,12.691,79.714,30.833,NA,124.111,Coop,NA
Symbolic-Compositional Best-Effort Synthesizer,./4/169.ltlf,true.ltlf,Agent,0.125,0.021,0.024,0.005,NA,0.175,Coop,NA
Symbolic-Compositional Best-Effort Synthesizer,./4/170.ltlf,true.ltlf,Agent,0.055,0,0,0,NA,0.055,Unr,Dom
Symbolic-Compositional Best-Effort Synthesizer,./4/171.ltlf,true.ltlf,Agent,0.058,0.006,0.001,0.001,NA,0.066,Coop,NA
Symbolic-Compositional Best-Effort Synthesizer,./4/172.ltlf,true.ltlf,Agent,0.112,1.838,1.734,0.095,NA,3.779,Coop,NA
Symbolic-Compositional Best-Effort Synthesizer,./4/173.ltlf,true.ltlf,Agent,0.12,0.019,0.06,0.004,NA,0.203,Coop,NA
Symbolic-Compositional Best-Effort Synthesizer,./4/174.ltlf,true.ltlf,Agent,0.291,1.611,0.654,0.04,NA,2.596,Coop,NA
Symbolic-Compositional Best-Effort Synthesizer,./4/175.ltlf,true.ltlf,Agent,0.109,0.127,0.163,0.021,NA,0.42,Coop,NA
Symbolic-Compositional Best-Effort Synthesizer,./4/177.ltlf,true.ltlf,Agent,0.74,4.698,14.19,7.208,NA,26.836,Coop,NA
Symbolic-Compositional Best-Effort Synthesizer,./4/178.ltlf,true.ltlf,Agent,0.082,0.038,0.062,0.003,NA,0.185,Coop,NA
Symbolic-Compositional Best-Effort Synthesizer,./4/179.ltlf,true.ltlf,Agent,0.192,0.579,3.389,0.216,NA,4.376,Coop,NA
Symbolic-Compositional Best-Effort Synthesizer,./4/181.ltlf,true.ltlf,Agent,0.07,0.027,0.027,0.004,NA,0.128,Coop,NA
Symbolic-Compositional Best-Effort Synthesizer,./4/182.ltlf,true.ltlf,Agent,0.215,0.388,0.225,0.014,NA,0.842,Coop,NA
Symbolic-Compositional Best-Effort Synthesizer,./4/183.ltlf,true.ltlf,Agent,0.1,0.002,0.001,0,NA,0.103,Coop,NA
Symbolic-Compositional Best-Effort Synthesizer,./4/185.ltlf,true.ltlf,Agent,0.073,0.002,0,0,NA,0.075,Coop,NA
Symbolic-Compositional Best-Effort Synthesizer,./4/186.ltlf,true.ltlf,Agent,0.466,2.094,4.206,0.192,NA,6.958,Coop,NA
Symbolic-Compositional Best-Effort Synthesizer,./4/187.ltlf,true.ltlf,Agent,0.174,1.585,5.13,0.337,NA,7.226,Coop,NA
Symbolic-Compositional Best-Effort Synthesizer,./4/189.ltlf,true.ltlf,Agent,0.154,0,0,0,NA,0.154,Coop,NA
Symbolic-Compositional Best-Effort Synthesizer,./4/190.ltlf,true.ltlf,Agent,0.072,0.004,0.003,0,NA,0.079,Coop,NA
Symbolic-Compositional Best-Effort Synthesizer,./4/192.ltlf,true.ltlf,Agent,0.141,0,0,0,NA,0.141,Adv,Dom
Symbolic-Compositional Best-Effort Synthesizer,./4/193.ltlf,true.ltlf,Agent,1.239,16.276,233.382,112.479,NA,363.376,Coop,NA
Symbolic-Compositional Best-Effort Synthesizer,./4/194.ltlf,true.ltlf,Agent,0.097,0,0,0,NA,0.097,Coop,NA
Symbolic-Compositional Best-Effort Synthesizer,./4/195.ltlf,true.ltlf,Agent,0.249,1.36,13.357,5.176,NA,20.142,Coop,NA
Symbolic-Compositional Best-Effort Synthesizer,./4/196.ltlf,true.ltlf,Agent,0.116,0,0,0,NA,0.116,Coop,NA
Symbolic-Compositional Best-Effort Synthesizer,./4/198.ltlf,true.ltlf,Agent,0.061,0.064,0.253,0.013,NA,0.391,Coop,NA
Symbolic-Compositional Best-Effort Synthesizer,./4/200.ltlf,true.ltlf,Agent,0.103,0,0,0,NA,0.103,Unr,Dom
Symbolic-Compositional Best-Effort Synthesizer,./5/001.ltlf,true.ltlf,Agent,0.095,0.054,0.066,0.008,NA,0.223,Coop,NA
Symbolic-Compositional Best-Effort Synthesizer,./5/002.ltlf,true.ltlf,Agent,0.136,0.001,0,0,NA,0.137,Coop,NA
Symbolic-Compositional Best-Effort Synthesizer,./5/004.ltlf,true.ltlf,Agent,0.332,1.952,4.837,0.784,NA,7.905,Coop,NA
Symbolic-Compositional Best-Effort Synthesizer,./5/005.ltlf,true.ltlf,Agent,5.035,59.259,144.675,71.402,NA,280.371,Coop,NA
Symbolic-Compositional Best-Effort Synthesizer,./5/007.ltlf,true.ltlf,Agent,0.055,0,0,0,NA,0.055,Unr,Dom
Symbolic-Compositional Best-Effort Synthesizer,./5/008.ltlf,true.ltlf,Agent,0.399,2.556,2.782,0.162,NA,5.899,Coop,NA
Symbolic-Compositional Best-Effort Synthesizer,./5/013.ltlf,true.ltlf,Agent,0.073,0,0,0,NA,0.073,Unr,Dom
Symbolic-Compositional Best-Effort Synthesizer,./5/015.ltlf,true.ltlf,Agent,0.302,1.563,19.608,8.068,NA,29.541,Coop,NA
Symbolic-Compositional Best-Effort Synthesizer,./5/016.ltlf,true.ltlf,Agent,0.173,0.703,4.743,0.32,NA,5.939,Coop,NA
Symbolic-Compositional Best-Effort Synthesizer,./5/017.ltlf,true.ltlf,Agent,0.524,4.202,6.497,1.869,NA,13.092,Coop,NA
Symbolic-Compositional Best-Effort Synthesizer,./5/018.ltlf,true.ltlf,Agent,0.101,0.103,0.548,0.026,NA,0.778,Coop,NA
Symbolic-Compositional Best-Effort Synthesizer,./5/020.ltlf,true.ltlf,Agent,0.156,0.68,0.546,0.055,NA,1.437,Coop,NA
Symbolic-Compositional Best-Effort Synthesizer,./5/022.ltlf,true.ltlf,Agent,0.452,4.324,118.505,58.687,NA,181.968,Coop,NA
Symbolic-Compositional Best-Effort Synthesizer,./5/023.ltlf,true.ltlf,Agent,3.913,36.088,127.134,62.455,NA,229.59,Coop,NA
Symbolic-Compositional Best-Effort Synthesizer,./5/024.ltlf,true.ltlf,Agent,0.065,0,0,0,NA,0.065,Unr,Dom
Symbolic-Compositional Best-Effort Synthesizer,./5/025.ltlf,true.ltlf,Agent,0.049,0.349,0.124,0.019,NA,0.541,Coop,NA
Symbolic-Compositional Best-Effort Synthesizer,./5/029.ltlf,true.ltlf,Agent,0.033,0,0,0,NA,0.033,Unr,Dom
Symbolic-Compositional Best-Effort Synthesizer,./5/030.ltlf,true.ltlf,Agent,0.085,0,0,0,NA,0.085,Unr,Dom
Symbolic-Compositional Best-Effort Synthesizer,./5/031.ltlf,true.ltlf,Agent,0.102,0,0,0,NA,0.102,Unr,Dom
Symbolic-Compositional Best-Effort Synthesizer,./5/032.ltlf,true.ltlf,Agent,0.108,0.018,0.027,0.003,NA,0.156,Coop,NA
Symbolic-Compositional Best-Effort Synthesizer,./5/037.ltlf,true.ltlf,Agent,0.09,0.134,0.002,0.003,NA,0.229,Coop,NA
Symbolic-Compositional Best-Effort Synthesizer,./5/039.ltlf,true.ltlf,Agent,0.057,0.194,0.294,0.024,NA,0.569,Coop,NA
Symbolic-Compositional Best-Effort Synthesizer,./5/040.ltlf,true.ltlf,Agent,0.119,0,0,0,NA,0.119,Unr,Dom
Symbolic-Compositional Best-Effort Synthesizer,./5/042.ltlf,true.ltlf,Agent,0.104,0.002,0.001,0,NA,0.107,Coop,NA
Symbolic-Compositional Best-Effort Synthesizer,./5/043.ltlf,true.ltlf,Agent,0.12,0,0,0,NA,0.12,Unr,Dom
Symbolic-Compositional Best-Effort Synthesizer,./5/044.ltlf,true.ltlf,Agent,0.054,0.078,0.27,0.018,NA,0.42,Coop,NA
Symbolic-Compositional Best-Effort Synthesizer,./5/047.ltlf,true.ltlf,Agent,0.055,0,0,0,NA,0.055,Unr,Dom
Symbolic-Compositional Best-Effort Synthesizer,./5/049.ltlf,true.ltlf,Agent,0.124,0.02,0.021,0.001,NA,0.166,Coop,NA
Symbolic-Compositional Best-Effort Synthesizer,./5/050.ltlf,true.ltlf,Agent,0.531,3.942,0.876,0.073,NA,5.422,Coop,NA
Symbolic-Compositional Best-Effort Synthesizer,./5/051.ltlf,true.ltlf,Agent,2.873,27.683,594.463,301.568,NA,926.587,Coop,NA
Symbolic-Compositional Best-Effort Synthesizer,./5/052.ltlf,true.ltlf,Agent,0.255,2.059,5.969,5.461,NA,13.744,Coop,NA
Symbolic-Compositional Best-Effort Synthesizer,./5/053.ltlf,true.ltlf,Agent,0.856,23.169,63.278,40.811,NA,128.114,Coop,NA
Symbolic-Compositional Best-Effort Synthesizer,./5/054.ltlf,true.ltlf,Agent,0.082,0.001,0.001,0,NA,0.084,Coop,NA
Symbolic-Compositional Best-Effort Synthesizer,./5/055.ltlf,true.ltlf,Agent,0.055,0.02,0.004,0,NA,0.079,Coop,NA
Symbolic-Compositional Best-Effort Synthesizer,./5/056.ltlf,true.ltlf,Agent,0.064,0,0,0,NA,0.064,Unr,Dom
Symbolic-Compositional Best-Effort Synthesizer,./5/057.ltlf,true.ltlf,Agent,0.126,0,0,0,NA,0.126,Adv,Dom
Symbolic-Compositional Best-Effort Synthesizer,./5/060.ltlf,true.ltlf,Agent,1.205,9.169,466.07,208.424,NA,684.868,Coop,NA
Symbolic-Compositional Best-Effort Synthesizer,./5/061.ltlf,true.ltlf,Agent,0.728,20.173,0.507,0.054,NA,21.462,Coop,NA
Symbolic-Compositional Best-Effort Synthesizer,./5/062.ltlf,true.ltlf,Agent,0.058,0.116,0.145,0.011,NA,0.33,Coop,NA
Symbolic-Compositional Best-Effort Synthesizer,./5/063.ltlf,true.ltlf,Agent,0.115,0,0,0,NA,0.115,Unr,Dom
Symbolic-Compositional Best-Effort Synthesizer,./5/064.ltlf,true.ltlf,Agent,3.695,19.075,75.999,30.924,NA,129.693,Coop,NA
Symbolic-Compositional Best-Effort Synthesizer,./5/068.ltlf,true.ltlf,Agent,0.095,0.003,0.001,0,NA,0.099,Adv,Dom
Symbolic-Compositional Best-Effort Synthesizer,./5/070.ltlf,true.ltlf,Agent,0.112,0.01,0.006,0,NA,0.128,Coop,NA
Symbolic-Compositional Best-Effort Synthesizer,./5/072.ltlf,true.ltlf,Agent,0.068,0,0,0,NA,0.068,Unr,Dom
Symbolic-Compositional Best-Effort Synthesizer,./5/073.ltlf,true.ltlf,Agent,0.296,2.713,1.063,0.094,NA,4.166,Coop,NA
Symbolic-Compositional Best-Effort Synthesizer,./5/074.ltlf,true.ltlf,Agent,0.757,8.162,80.251,69.572,NA,158.742,Coop,NA
Symbolic-Compositional Best-Effort Synthesizer,./5/075.ltlf,true.ltlf,Agent,0.038,0,0,0,NA,0.038,Unr,Dom
Symbolic-Compositional Best-Effort Synthesizer,./5/076.ltlf,true.ltlf,Agent,0.106,0.057,0.057,0.034,NA,0.254,Coop,NA
Symbolic-Compositional Best-Effort Synthesizer,./5/078.ltlf,true.ltlf,Agent,0.364,0,0,0,NA,0.364,Unr,Dom
Symbolic-Compositional Best-Effort Synthesizer,./5/080.ltlf,true.ltlf,Agent,0.098,0,0,0,NA,0.098,Unr,Dom
Symbolic-Compositional Best-Effort Synthesizer,./5/081.ltlf,true.ltlf,Agent,0.105,0.011,0.005,0.008,NA,0.129,Coop,NA
Symbolic-Compositional Best-Effort Synthesizer,./5/082.ltlf,true.ltlf,Agent,0.11,0,0,0,NA,0.11,Unr,Dom
Symbolic-Compositional Best-Effort Synthesizer,./5/084.ltlf,true.ltlf,Agent,0.115,0.036,0.013,0.003,NA,0.167,Coop,NA
Symbolic-Compositional Best-Effort Synthesizer,./5/085.ltlf,true.ltlf,Agent,0.086,0,0,0,NA,0.086,Unr,Dom
Symbolic-Compositional Best-Effort Synthesizer,./5/087.ltlf,true.ltlf,Agent,0.225,0.757,1.34,0.19,NA,2.512,Coop,NA
Symbolic-Compositional Best-Effort Synthesizer,./5/088.ltlf,true.ltlf,Agent,0.068,0,0,0,NA,0.068,Unr,Dom
Symbolic-Compositional Best-Effort Synthesizer,./5/089.ltlf,true.ltlf,Agent,0.411,3.113,93.551,45.118,NA,142.193,Coop,NA
Symbolic-Compositional Best-Effort Synthesizer,./5/090.ltlf,true.ltlf,Agent,0.18,0.968,0.971,0.076,NA,2.195,Coop,NA
Symbolic-Compositional Best-Effort Synthesizer,./5/093.ltlf,true.ltlf,Agent,0.058,0.042,0.023,0.006,NA,0.129,Coop,NA
Symbolic-Compositional Best-Effort Synthesizer,./5/094.ltlf,true.ltlf,Agent,0.06,0.033,0.004,0.003,NA,0.1,Coop,NA
Symbolic-Compositional Best-Effort Synthesizer,./5/095.ltlf,true.ltlf,Agent,0.095,0.016,0.035,0.017,NA,0.163,Coop,NA
Symbolic-Compositional Best-Effort Synthesizer,./5/097.ltlf,true.ltlf,Agent,0.073,0.162,0.673,0.046,NA,0.954,Coop,NA
Symbolic-Compositional Best-Effort Synthesizer,./5/098.ltlf,true.ltlf,Agent,0.095,0,0,0,NA,0.095,Unr,Dom
Symbolic-Compositional Best-Effort Synthesizer,./5/100.ltlf,true.ltlf,Agent,0.235,2.107,16.986,7.323,NA,26.651,Coop,NA
Symbolic-Compositional Best-Effort Synthesizer,./5/101.ltlf,true.ltlf,Agent,0.069,0.026,0.047,0.005,NA,0.147,Coop,NA
Symbolic-Compositional Best-Effort Synthesizer,./5/102.ltlf,true.ltlf,Agent,2.52,26.477,495.98,434.623,NA,959.6,Coop,NA
Symbolic-Compositional Best-Effort Synthesizer,./5/105.ltlf,true.ltlf,Agent,0.1,0,0,0,NA,0.1,Unr,Dom
Symbolic-Compositional Best-Effort Synthesizer,./5/107.ltlf,true.ltlf,Agent,0.119,0.019,0.029,0.004,NA,0.171,Coop,NA
Symbolic-Compositional Best-Effort Synthesizer,./5/109.ltlf,true.ltlf,Agent,1.014,9.535,7.739,8.006,NA,26.294,Coop,NA
Symbolic-Compositional Best-Effort Synthesizer,./5/110.ltlf,true.ltlf,Agent,0.102,0.02,0.014,0.004,NA,0.14,Coop,NA
Symbolic-Compositional Best-Effort Synthesizer,./5/111.ltlf,true.ltlf,Agent,0.078,0,0,0,NA,0.078,Unr,Dom
Symbolic-Compositional Best-Effort Synthesizer,./5/112.ltlf,true.ltlf,Agent,0.107,0,0,0,NA,0.107,Unr,Dom
Symbolic-Compositional Best-Effort Synthesizer,./5/113.ltlf,true.ltlf,Agent,0.116,0.004,0.003,0,NA,0.123,Coop,NA
Symbolic-Compositional Best-Effort Synthesizer,./5/115.ltlf,true.ltlf,Agent,0.094,1.11,3.263,0.922,NA,5.389,Coop,NA
Symbolic-Compositional Best-Effort Synthesizer,./5/117.ltlf,true.ltlf,Agent,0.097,0,0,0,NA,0.097,Unr,Dom
Symbolic-Compositional Best-Effort Synthesizer,./5/120.ltlf,true.ltlf,Agent,0.104,0.067,0.161,0.017,NA,0.349,Coop,NA
Symbolic-Compositional Best-Effort Synthesizer,./5/122.ltlf,true.ltlf,Agent,0.106,0,0,0,NA,0.106,Unr,Dom
Symbolic-Compositional Best-Effort Synthesizer,./5/123.ltlf,true.ltlf,Agent,0.046,0.053,0.048,0.005,NA,0.152,Coop,NA
Symbolic-Compositional Best-Effort Synthesizer,./5/124.ltlf,true.ltlf,Agent,0.231,2.335,0.097,0.011,NA,2.674,Coop,NA
Symbolic-Compositional Best-Effort Synthesizer,./5/126.ltlf,true.ltlf,Agent,0.133,0.031,0.028,0.017,NA,0.209,Coop,NA
Symbolic-Compositional Best-Effort Synthesizer,./5/127.ltlf,true.ltlf,Agent,0.096,0.107,0.143,0.008,NA,0.354,Coop,NA
Symbolic-Compositional Best-Effort Synthesizer,./5/129.ltlf,true.ltlf,Agent,0.325,2.697,16.456,8.108,NA,27.586,Coop,NA
Symbolic-Compositional Best-Effort Synthesizer,./5/135.ltlf,true.ltlf,Agent,0.357,0,0,0,NA,0.357,Unr,Dom
Symbolic-Compositional Best-Effort Synthesizer,./5/137.ltlf,true.ltlf,Agent,0.127,0.007,0.003,0,NA,0.137,Coop,NA
Symbolic-Compositional Best-Effort Synthesizer,./5/138.ltlf,true.ltlf,Agent,0.075,0.009,0.013,0.003,NA,0.1,Coop,NA
Symbolic-Compositional Best-Effort Synthesizer,./5/139.ltlf,true.ltlf,Agent,0.096,0.178,0.031,0.005,NA,0.31,Coop,NA
Symbolic-Compositional Best-Effort Synthesizer,./5/142.ltlf,true.ltlf,Agent,0.132,0.049,0.113,0.008,NA,0.302,Coop,NA
Symbolic-Compositional Best-Effort Synthesizer,./5/144.ltlf,true.ltlf,Agent,0.036,0.039,0.025,0.002,NA,0.102,Coop,NA
Symbolic-Compositional Best-Effort Synthesizer,./5/146.ltlf,true.ltlf,Agent,4.08,54.353,301.104,150.387,NA,509.924,Coop,NA
Symbolic-Compositional Best-Effort Synthesizer,./5/147.ltlf,true.ltlf,Agent,0.202,1.029,0.617,0.084,NA,1.932,Coop,NA
Symbolic-Compositional Best-Effort Synthesizer,./5/149.ltlf,true.ltlf,Agent,0.091,0.02,0.016,0.001,NA,0.128,Coop,NA
Symbolic-Compositional Best-Effort Synthesizer,./5/150.ltlf,true.ltlf,Agent,0.09,0.022,0.079,0.049,NA,0.24,Coop,NA
Symbolic-Compositional Best-Effort Synthesizer,./5/151.ltlf,true.ltlf,Agent,0.683,8.221,470.04,232.785,NA,711.729,Coop,NA
Symbolic-Compositional Best-Effort Synthesizer,./5/154.ltlf,true.ltlf,Agent,0.181,0.899,0.388,0.057,NA,1.525,Coop,NA
Symbolic-Compositional Best-Effort Synthesizer,./5/156.ltlf,true.ltlf,Agent,0.13,0.001,0,0,NA,0.131,Coop,NA
Symbolic-Compositional Best-Effort Synthesizer,./5/158.ltlf,true.ltlf,Agent,0.119,0,0,0,NA,0.119,Coop,NA
Symbolic-Compositional Best-Effort Synthesizer,./5/159.ltlf,true.ltlf,Agent,0.082,0,0,0,NA,0.082,Unr,Dom
Symbolic-Compositional Best-Effort Synthesizer,./5/161.ltlf,true.ltlf,Agent,0.1,0.106,0.015,0.019,NA,0.24,Coop,NA
Symbolic-Compositional Best-Effort Synthesizer,./5/163.ltlf,true.ltlf,Agent,0.222,1.546,1.03,0.073,NA,2.871,Coop,NA
Symbolic-Compositional Best-Effort Synthesizer,./5/166.ltlf,true.ltlf,Agent,0.109,0.006,0.01,0.001,NA,0.126,Coop,NA
Symbolic-Compositional Best-Effort Synthesizer,./5/167.ltlf,true.ltlf,Agent,0.121,0,0,0,NA,0.121,Unr,Dom
Symbolic-Compositional Best-Effort Synthesizer,./5/171.ltlf,true.ltlf,Agent,0.311,3.674,0.641,0.043,NA,4.669,Coop,NA
Symbolic-Compositional Best-Effort Synthesizer,./5/172.ltlf,true.ltlf,Agent,0.052,0,0,0,NA,0.052,Unr,Dom
Symbolic-Compositional Best-Effort Synthesizer,./5/173.ltlf,true.ltlf,Agent,0.038,0.016,0.004,0.001,NA,0.059,Coop,NA
Symbolic-Compositional Best-Effort Synthesizer,./5/175.ltlf,true.ltlf,Agent,0.105,0,0,0,NA,0.105,Unr,Dom
Symbolic-Compositional Best-Effort Synthesizer,./5/176.ltlf,true.ltlf,Agent,0.074,0,0,0,NA,0.074,Unr,Dom
Symbolic-Compositional Best-Effort Synthesizer,./5/179.ltlf,true.ltlf,Agent,2.352,47.081,393.162,192.696,NA,635.291,Coop,NA
Symbolic-Compositional Best-Effort Synthesizer,./5/180.ltlf,true.ltlf,Agent,0.095,0,0,0,NA,0.095,Unr,Dom
Symbolic-Compositional Best-Effort Synthesizer,./5/182.ltlf,true.ltlf,Agent,0.096,0.703,0.433,0.021,NA,1.253,Coop,NA
Symbolic-Compositional Best-Effort Synthesizer,./5/183.ltlf,true.ltlf,Agent,0.224,0.609,0.335,0.021,NA,1.189,Coop,NA
Symbolic-Compositional Best-Effort Synthesizer,./5/184.ltlf,true.ltlf,Agent,0.165,0.222,0.724,0.063,NA,1.174,Coop,NA
Symbolic-Compositional Best-Effort Synthesizer,./5/185.ltlf,true.ltlf,Agent,0.087,0.021,0.035,0.011,NA,0.154,Coop,NA
Symbolic-Compositional Best-Effort Synthesizer,./5/188.ltlf,true.ltlf,Agent,0.156,0,0,0,NA,0.156,Adv,Dom
Symbolic-Compositional Best-Effort Synthesizer,./5/192.ltlf,true.ltlf,Agent,0.064,0.035,0.032,0.002,NA,0.133,Coop,NA
Symbolic-Compositional Best-Effort Synthesizer,./5/194.ltlf,true.ltlf,Agent,0.075,0.018,0.019,0.003,NA,0.115,Coop,NA
Symbolic-Compositional Best-Effort Synthesizer,./5/195.ltlf,true.ltlf,Agent,1.278,8.435,34.299,15.976,NA,59.988,Coop,NA
Symbolic-Compositional Best-Effort Synthesizer,./5/196.ltlf,true.ltlf,Agent,0.136,0,0,0,NA,0.136,Adv,Dom
Symbolic-Compositional Best-Effort Synthesizer,./5/197.ltlf,true.ltlf,Agent,0.068,0,0,0,NA,0.068,Unr,Dom
